,X,Y,Z,Roll,Pitch,Yaw
0,0,0,0,-0,0,-0
1,-0.122368,-0.384354,-0.389851,-0.191372,0.103683,-0.672743
2,-0.842954,-1.30303,0.184226,-0.310581,0.857196,-5.91062
3,0.0556952,-0.931718,-0.520147,-0.374914,0.802188,-8.65303
4,-0.0253863,-1.07717,0.0705221,-0.156163,0.74081,-6.39627
5,-0.539547,-1.74115,0.831147,-0.201082,1.41487,-10.4683
6,-0.566436,-1.49703,1.00813,-0.024174,1.33581,-8.53908
7,-1.02643,-1.66979,1.15847,0.025385,1.25512,-6.20814
8,-0.826469,-1.87162,0.947219,0.0781911,0.979217,-3.53385
9,-0.918648,-1.63001,0.758684,0.124719,0.891558,-1.77348
10,-0.496739,-0.834656,-0.258727,0.194585,0.527614,2.60546
11,-0.89911,-0.978406,-0.183087,0.199139,0.787481,3.74979
12,-1.16547,-0.545835,-0.0845501,0.110989,1.44662,-0.834669
13,-0.0821804,-0.00289668,-0.212483,0.333558,1.12981,0.868884
14,0.022121,-0.0205725,0.11099,0.524364,0.901396,4.2413
15,0.187472,0.199602,0.565214,0.762638,0.829478,6.81843
16,0.263753,-0.136099,0.723897,0.79969,0.942993,7.7109
17,1.0006,0.576707,0.766115,0.96825,0.420659,11.9801
18,0.189785,-0.322539,1.22417,0.915326,0.815341,13.1763
19,-0.141683,-0.333628,2.39811,0.893144,1.64771,11.4368
20,-0.673357,-0.40156,3.69693,1.22365,1.87677,13.5218
21,-0.420573,-0.294474,4.76344,1.49196,2.08561,12.9295
22,-0.304112,-0.723971,5.97047,1.6104,2.75379,9.90358
23,0.395128,-0.583609,6.17893,1.74584,2.70966,9.98732
24,0.480774,-1.14082,6.91503,1.72191,3.31021,7.58082
25,-0.274055,-1.6853,8.24453,1.58742,4.38371,3.08683
26,-0.577459,-1.67428,8.49763,1.39584,4.93628,0.731485
27,-0.771908,-2.18214,8.62088,0.922844,5.46193,-2.77499
28,-0.562716,-2.38683,8.68477,1.23729,5.06254,0.796613
29,0.226942,-2.20696,8.43626,0.703893,5.37304,-3.59201
30,0.412977,-1.93061,8.78518,0.899457,5.32966,-2.26982
31,0.558307,-2.26783,8.96336,0.532121,5.62343,-3.20103
32,0.865124,-1.98232,9.24406,0.451918,5.66079,-3.03836
33,1.38173,-1.76886,9.78998,0.326799,5.62944,-2.01153
34,1.41606,-1.9742,10.6052,0.308298,5.60259,0.172906
35,1.58412,-2.17719,10.9154,0.588027,5.33241,3.61793
36,1.61766,-2.04403,10.9263,0.234916,5.62022,1.75326
37,1.63944,-1.85785,11.3731,0.536025,5.49752,4.91938
38,2.12891,-1.39115,12.8609,0.621088,5.57952,5.46484
39,2.88997,-1.07221,13.4239,0.633806,5.39095,5.05501
40,3.82602,-1.45045,14.2949,0.281932,5.29443,3.02252
41,2.93533,-2.60923,15.2675,-0.275864,5.90793,-0.450071
42,3.12268,-2.11091,16.723,-0.258033,5.72866,-2.25357
43,3.1575,-2.93262,16.726,-0.403814,5.30493,-0.661014
44,2.14178,-3.2527,18.054,-0.196228,5.13422,2.00742
45,1.90988,-3.5688,19.1277,-0.187905,4.87408,3.34752
46,2.17389,-3.60637,19.5687,-0.463046,4.92848,1.54798
47,2.24636,-3.57586,20.2981,-0.313538,4.75385,2.77096
48,3.14373,-3.31017,22.8934,-0.448377,4.9841,-2.10236
49,3.84869,-3.37317,24.1796,-0.332144,4.88341,-1.92967
50,4.45346,-3.65315,25.5044,-0.0652848,4.81448,-0.531304
51,5.01547,-3.94738,27.0603,-0.409445,5.42377,-5.62591
52,5.85736,-3.8226,27.3267,-0.681216,5.55878,-8.82945
53,6.17786,-4.18226,28.0894,-0.58621,5.63724,-8.96892
54,6.18577,-4.02385,27.7763,-0.369762,5.49802,-7.74039
55,5.66655,-3.94108,27.9247,-0.309893,5.6712,-7.99548
56,5.5066,-3.91755,27.7952,-0.199052,5.68818,-7.92775
57,6.11189,-3.80117,28.2438,0.486896,5.18127,-4.88261
58,6.53242,-3.39867,28.4498,0.654053,5.11242,-5.85044
59,6.4586,-3.35548,28.0996,0.692736,4.93887,-4.78162
60,6.23586,-3.96056,28.2074,0.617796,4.95057,-4.16283
61,5.97644,-3.97869,28.3625,0.439182,5.12431,-4.74955
62,5.89237,-4.16601,28.8525,0.422015,5.12356,-3.92257
63,6.54743,-3.80393,29.5371,0.472709,5.15019,-5.27513
64,6.5322,-3.68536,30.3888,1.07713,4.79247,-1.04265
65,6.84987,-3.38591,31.4052,1.47305,4.644,-0.309114
66,7.04974,-3.35543,32.1847,1.50794,4.77373,-1.99146
67,6.94633,-4.68624,33.2524,1.1794,4.95751,-5.59102
68,7.31514,-4.56095,33.5954,1.0721,5.02246,-8.14855
69,7.38365,-5.05352,34.1204,0.976293,5.12982,-10.2013
70,7.53116,-4.9063,35.2108,1.5089,4.90485,-8.26217
71,7.12918,-5.5038,36.1997,1.6549,5.04386,-7.66097
72,7.37419,-5.74866,36.6862,1.71343,5.05961,-8.2705
73,7.55658,-6.22506,38.0539,2.05535,4.9437,-7.42106
74,7.89199,-6.55716,39.3851,2.46772,4.74918,-6.20185
75,8.64418,-6.5235,40.9444,2.55463,5.21157,-10.2922
76,9.32074,-7.08521,43.7497,2.68477,5.90127,-14.8712
77,9.1286,-7.3718,44.9652,2.80677,6.13049,-15.3228
78,8.9011,-8.00412,45.6809,2.48028,6.5711,-17.6282
79,9.12488,-8.19385,46.6458,2.89903,6.43979,-16.0235
80,9.58521,-7.77288,46.7745,3.68162,5.56503,-11.0463
81,9.9616,-7.51979,47.3044,4.30966,5.08571,-8.07919
82,10.2781,-6.70263,47.4135,4.78294,4.76534,-6.65838
83,10.3195,-6.60451,47.3355,4.74861,5.04826,-8.1233
84,10.0086,-6.87835,47.6607,5.01878,5.1924,-7.49407
85,9.8956,-7.04874,47.6064,5.33849,5.25274,-6.65712
86,9.46305,-7.44849,47.7732,6.31979,4.69977,-1.3015
87,9.12179,-7.42815,47.842,6.86171,4.01897,2.87755
88,9.08425,-7.04368,48.1814,7.32715,3.24332,6.51656
89,9.35686,-6.75814,48.2495,7.42565,2.81989,7.61211
90,9.63313,-6.87587,48.892,7.31063,2.947,6.26642
91,9.78888,-6.95993,49.7103,7.20885,3.60255,3.11002
92,10.0677,-7.23032,51.1427,6.83658,4.91352,-3.00326
93,10.1431,-8.19919,52.1372,6.55032,5.43256,-5.24854
94,10.0608,-9.16625,54.5658,6.59381,6.07416,-7.09527
95,9.74915,-10.778,57.0711,6.49846,6.28082,-6.95475
96,9.76326,-10.8742,57.8131,6.74932,6.03824,-5.62971
97,9.82255,-10.9078,57.942,6.88558,5.64227,-3.96954
98,10.1579,-10.337,58.2572,7.48191,4.91138,-1.04117
99,10.3285,-9.85166,58.2004,7.56957,5.05672,-1.88395
100,10.7302,-9.74765,57.9364,7.75472,4.64117,-0.611583
101,11.1136,-10.1141,57.9229,7.7249,4.74154,-1.20968
102,11.0687,-10.5875,58.1951,7.15998,5.96063,-6.15984
103,11.4653,-11.2126,57.9201,6.80633,6.34297,-8.0003
104,11.5194,-11.3668,58.5341,7.10905,6.24011,-6.68293
105,11.5999,-11.4274,59.1885,7.60388,5.77088,-3.29693
106,11.8302,-11.1972,60.5712,8.48552,4.64713,1.99094
107,11.9381,-11.5297,61.0396,8.61758,4.28225,3.56265
108,11.9924,-11.1829,62.8796,9.39415,3.27392,7.83981
109,12.8065,-11.0309,63.344,9.31901,3.34144,6.25629
110,13.2168,-11.3888,64.6562,9.54237,3.08328,6.28058
111,13.3939,-11.4183,66.0566,10.0453,2.17259,9.08944
112,14.165,-12.1027,67.6654,10.0783,2.97398,4.2967
113,14.3265,-12.9326,68.5772,9.94268,3.62112,1.16241
114,14.1414,-14.6362,71.9437,9.74513,5.88545,-7.4446
115,14.0624,-15.2759,73.2972,9.55048,6.7207,-10.5412
116,13.9901,-15.7491,73.4363,9.91837,5.75937,-7.19327
117,14.3179,-15.6976,73.51,10.1471,5.10824,-5.67381
118,14.0963,-15.9083,73.3282,9.78149,5.60943,-7.58959
119,14.0434,-15.6861,73.1231,9.97083,4.73965,-4.96992
120,13.9923,-15.6187,73.5926,10.1864,4.46271,-4.1123
121,13.6299,-16.3508,74.3307,9.75081,5.50158,-7.69388
122,13.9383,-16.0832,74.7899,9.88574,5.40439,-8.05628
123,14.0395,-16.7001,75.6232,10.0216,5.36015,-8.07416
124,14.2458,-16.7528,76.5105,10.5529,4.575,-5.38895
125,14.3321,-17.0302,76.2991,10.5466,4.2308,-4.06785
126,14.7759,-16.5986,76.1162,10.8302,3.70785,-2.13469
127,14.6818,-16.3856,76.4437,11.0957,3.59966,-0.831561
128,15.0906,-15.9168,76.3363,11.1658,4.01736,-1.95893
129,15.1818,-15.7399,76.2247,11.2643,3.93375,-1.49023
130,14.8541,-15.9904,76.4766,11.2945,4.02994,-1.04978
131,14.7249,-16.0792,76.5359,11.173,4.4022,-2.06617
132,14.4266,-16.1988,76.4442,11.3624,3.40484,1.63047
133,14.607,-15.6274,76.4847,11.6289,2.6156,4.01576
134,14.5838,-15.5287,76.333,11.6212,2.32978,4.91364
135,14.5948,-15.3502,77.1152,11.8501,2.37687,4.82354
136,14.509,-15.4719,77.6077,11.9522,2.33468,5.09269
137,14.2382,-16.2815,78.3967,11.9356,3.10032,3.2375
138,14.6454,-16.4967,79.2551,12.0246,4.02713,0.146066
139,14.7886,-17.1767,80.1175,12.1928,4.65327,-1.46263
140,14.9872,-17.6672,80.8828,12.54,4.75663,-1.46653
141,15.1168,-18.2006,82.3664,13.2522,4.72769,-0.706204
142,15.1722,-18.4677,82.8567,13.3262,5.47377,-2.60287
143,15.5258,-18.7798,83.4196,14.3399,4.70397,-0.26252
144,15.5992,-18.9662,83.2557,14.359,6.21137,-4.42873
145,15.8041,-18.8027,83.1367,15.1461,5.46312,-2.60083
146,15.905,-18.5334,83.48,15.916,6.6104,-5.50313
147,15.8488,-18.3052,83.7727,16.5743,7.15336,-6.65913
148,15.9418,-17.9181,83.8162,17.8939,6.37694,-5.00857
149,16.1395,-17.9969,83.6629,18.2291,6.91308,-6.62989
150,15.9078,-18.1903,83.7095,18.7362,7.80637,-8.47743
151,15.8603,-18.3046,83.6052,19.0315,8.07724,-8.91435
152,15.5444,-18.5507,83.8447,19.0381,10.386,-12.4992
153,15.8957,-18.4265,84.1118,20.5047,8.61959,-8.17585
154,15.9907,-18.2771,84.449,21.1068,8.7373,-8.26707
155,16.4899,-17.5753,84.7078,23.0838,5.08334,-1.81461
156,16.5505,-17.9452,84.7947,23.437,5.4365,-2.81772
157,16.2322,-18.3213,85.2291,23.2433,7.85302,-7.35524
158,16.3228,-18.6208,85.4895,22.4849,10.4223,-12.5695
159,16.4236,-18.8635,85.5048,21.4596,12.6067,-17.2208
160,16.2371,-18.7914,85.8485,21.6611,12.519,-16.9497
161,16.0839,-18.7848,86.1127,21.9575,11.9855,-16.0219
162,16.0849,-19.1115,86.1234,22.6602,9.86954,-12.9322
163,16.4601,-19.2123,86.2808,22.8072,9.35822,-12.5946
164,16.8553,-19.225,85.8054,21.6262,11.7307,-18.3021
165,17.0459,-19.2181,85.5663,20.8503,13.2158,-21.8241
166,17.0448,-19.4704,85.537,19.3053,15.8714,-27.8159
167,16.8264,-19.5484,85.4324,19.0885,16.1836,-28.5431
168,16.5823,-19.957,85.5497,18.6325,17.0655,-30.2571
169,16.4723,-20.1215,85.3031,18.5401,17.075,-30.3526
170,16.5804,-20.0522,85.2274,19.6234,15.4347,-26.8651
171,16.8231,-19.4409,85.49,20.1541,14.2609,-25.5774
172,17.1061,-19.5646,85.7252,20.2666,13.6791,-25.2167
173,17.2589,-19.4562,86.4386,20.4049,13.4677,-25.4923
174,16.9919,-19.8988,86.8669,19.3271,15.0941,-29.1642
175,17.6172,-20.0172,87.2342,19.4674,14.8553,-29.4857
176,17.7624,-20.3231,87.7237,19.5369,14.8668,-29.5718
177,17.9658,-20.7921,88.3987,19.0019,15.8195,-31.8725
178,18.2597,-21.2691,88.5319,18.3296,16.6527,-34.1383
179,18.3267,-21.8301,89.2632,17.7632,17.7348,-36.3595
180,18.262,-22.0914,89.6355,18.5754,16.9143,-34.1205
181,18.3329,-22.211,90.3704,18.3397,17.8895,-36.4072
182,18.5597,-22.5965,90.7878,18.7735,17.5674,-36.2286
183,18.6698,-22.9187,91.486,18.7333,18.0438,-37.4495
184,18.8922,-23.4704,91.7132,18.6268,18.3251,-38.9915
185,18.9085,-23.6026,91.9684,18.4594,18.8391,-40.5214
186,18.6744,-23.98,92.177,17.7865,19.8936,-43.5501
187,18.3916,-24.2477,92.2209,17.7627,20.0328,-44.2672
188,18.1821,-24.4964,92.1959,17.0494,20.939,-47.5421
189,18.6832,-24.7499,91.9378,11.6777,24.8056,-65.139
190,16.8924,-25.6223,96.1921,22.7007,10.4829,-35.89
191,15.6444,-26.9387,96.222,18.8287,16.1044,-53.3534
192,18.9625,-24.3738,93.7106,4.78816,28.0925,-95.5178
193,18.9625,-24.3738,93.7106,4.78816,28.0925,-95.5178
194,15.1281,-27.4115,96.4309,21.6047,15.4481,-55.0494
195,15.1281,-27.4115,96.4309,21.6047,15.4481,-55.0494
196,16.1524,-26.5644,91.9584,22.4378,18.3743,-68.9002
197,14.0311,-27.8294,95.0587,28.1237,12.1822,-56.8843
198,14.0311,-27.8294,95.0587,28.1237,12.1822,-56.8843
199,15.8344,-25.7652,94.9553,23.6361,20.8612,-70.9584
200,14.6399,-26.2724,99.0369,33.3341,-3.73609,-27.7028
201,13.0258,-28.7305,99.4004,32.6077,4.36239,-34.8179
202,13.0258,-28.7305,99.4004,32.6077,4.36239,-34.8179
203,14.8996,-28.3513,97.4907,33.6327,3.16609,-33.3001
204,12.738,-29.9124,99.6226,32.9392,10.0977,-38.3037
205,14.7973,-27.6163,96.2335,28.199,19.4769,-55.8726
206,14.7973,-27.6163,96.2335,28.199,19.4769,-55.8726
207,14.7973,-27.6163,96.2335,28.199,19.4769,-55.8726
208,14.7973,-27.6163,96.2335,28.199,19.4769,-55.8726
209,12.3841,-28.6069,98.545,19.5257,37.583,-85.0459
210,8.25179,-33.1151,103.809,40.375,13.6663,-46.1372
211,8.25179,-33.1151,103.809,40.375,13.6663,-46.1372
212,9.42348,-31.4297,100.13,41.0565,17.9224,-54.1827
213,8.28546,-33.5745,101.614,43.9435,7.57718,-43.7664
214,8.28546,-33.5745,101.614,43.9435,7.57718,-43.7664
215,7.9655,-33.256,102.102,41.2665,18.4729,-52.8137
216,8.15962,-33.6213,103.081,43.7244,12.5715,-45.6798
217,7.9015,-33.2312,102.433,43.0642,13.5605,-46.8452
218,8.15104,-32.8863,101.754,42.9792,13.5958,-46.7309
219,10.0128,-32.3629,103.087,42.1005,-2.44901,-29.9611
220,9.0452,-33.6002,105.709,41.1525,3.07802,-33.7766
221,10.931,-32.3198,103.432,20.003,34.8155,-80.1002
222,13.2269,-30.5766,102.375,24.3374,28.6639,-69.6685
223,10.9261,-33.1256,105.79,35.5767,-2.80834,-24.3226
224,9.03799,-33.5759,106.222,35.1572,3.042,-28.4488
225,10.7114,-32.9598,104.374,32.8391,12.5314,-42.9479
226,10.7114,-32.9598,104.374,32.8391,12.5314,-42.9479
227,10.7114,-32.9598,104.374,32.8391,12.5314,-42.9479
228,12.6698,-31.3115,104.299,26.2153,23.3061,-62.2198
229,11.3943,-31.9089,104.999,32.4498,6.91708,-41.1985
230,8.341,-34.3307,109.954,31.4956,10.51,-44.9128
231,8.21982,-34.545,108.834,23.8676,22.5697,-68.0509
232,11.2193,-32.2337,106.022,29.9266,12.8405,-54.4333
233,10.044,-31.7719,106.946,31.5931,5.33577,-44.0977
234,9.08201,-33.3858,107.721,28.3259,15.2521,-57.3964
235,10,-31.6695,106.935,24.8567,20.85,-69.7722
236,8.90852,-33.3025,107.813,28.6431,14.1516,-56.7183
237,8.63554,-33.7254,108.032,28.5906,13.9127,-56.3282
238,10.89,-33.3611,105.593,25.1374,19.8196,-67.855
239,9.20255,-35.3452,108.824,30.5741,9.30526,-45.8655
240,9.74724,-33.7348,106.883,28.4164,14.1667,-54.901
241,10.0957,-33.754,106.431,28.4246,14.4492,-55.1442
242,10.1072,-33.9682,106.248,28.897,13.7335,-53.392
243,10.1779,-33.9714,106.289,29.4527,13.0049,-51.8027
244,10.2123,-33.9583,106.51,29.5437,14.1996,-52.7832
245,10.2123,-34.025,106.66,30.1469,13.484,-51.279
246,10.3446,-34.1097,107.417,31.1433,12.6442,-49.2746
247,10.4825,-34.5721,108.92,31.9666,14.4827,-50.5664
248,10.4825,-34.5721,108.92,31.9666,14.4827,-50.5664
249,7.28436,-39.3074,112.024,35.8807,11.2147,-47.8954
250,7.28436,-39.3074,112.024,35.8807,11.2147,-47.8954
251,7.28436,-39.3074,112.024,35.8807,11.2147,-47.8954
252,7.28436,-39.3074,112.024,35.8807,11.2147,-47.8954
253,7.28436,-39.3074,112.024,35.8807,11.2147,-47.8954
254,7.28436,-39.3074,112.024,35.8807,11.2147,-47.8954
255,7.28436,-39.3074,112.024,35.8807,11.2147,-47.8954
256,7.28436,-39.3074,112.024,35.8807,11.2147,-47.8954
257,7.28436,-39.3074,112.024,35.8807,11.2147,-47.8954
258,3.14058,-43.1611,119.005,33.6498,23.1447,-64.3092
259,4.61336,-41.1752,116.057,38.3035,9.21166,-51.6784
260,3.68421,-42.6416,117.723,36.7162,16.1255,-57.1928
261,3.68421,-42.6416,117.723,36.7162,16.1255,-57.1928
262,3.68421,-42.6416,117.723,36.7162,16.1255,-57.1928
263,3.68421,-42.6416,117.723,36.7162,16.1255,-57.1928
264,2.2123,-42.9853,120.585,39.8441,16.4733,-57.5864
265,2.2123,-42.9853,120.585,39.8441,16.4733,-57.5864
266,2.2123,-42.9853,120.585,39.8441,16.4733,-57.5864
267,2.2123,-42.9853,120.585,39.8441,16.4733,-57.5864
268,2.2123,-42.9853,120.585,39.8441,16.4733,-57.5864
269,2.2123,-42.9853,120.585,39.8441,16.4733,-57.5864
270,2.2123,-42.9853,120.585,39.8441,16.4733,-57.5864
271,2.2123,-42.9853,120.585,39.8441,16.4733,-57.5864
272,2.2123,-42.9853,120.585,39.8441,16.4733,-57.5864
273,-0.0996102,-45.8024,122.033,50.2413,8.06046,-54.6543
274,-0.0996102,-45.8024,122.033,50.2413,8.06046,-54.6543
275,-0.0996102,-45.8024,122.033,50.2413,8.06046,-54.6543
276,-2.0384,-47.9681,123.269,48.8681,11.2857,-58.034
277,-2.0384,-47.9681,123.269,48.8681,11.2857,-58.034
278,-2.0384,-47.9681,123.269,48.8681,11.2857,-58.034
279,-2.0384,-47.9681,123.269,48.8681,11.2857,-58.034
280,-4.03117,-46.7113,124.427,56.3142,15.9968,-62.7254
281,-4.03117,-46.7113,124.427,56.3142,15.9968,-62.7254
282,-4.22864,-47.0258,119.786,57.2086,18.5205,-65.4475
283,-4.32415,-45.9786,119.887,58.3763,14.9161,-63.6597
284,-4.64526,-46.5197,120.917,56.766,20.0731,-66.1029
285,-4.65488,-47.1808,121.145,57.5026,19.2193,-65.651
286,-4.7966,-47.3058,121.252,57.4513,19.7751,-65.8965
287,-4.19985,-46.6413,121.963,53.5951,21.7232,-66.8305
288,-2.96202,-46.4349,121.952,54.3764,16.3743,-63.5164
289,-2.39456,-46.6804,123.139,51.7528,13.6464,-61.2959
290,-1.76268,-46.2595,123.777,46.9637,12.6062,-60.2032
291,-1.83175,-46.9735,123.695,42.3743,23.2997,-69.7071
292,-0.955436,-46.5239,123.063,45.1265,13.7486,-61.4499
293,-1.44096,-46.8361,124.297,44.253,12.3955,-59.832
294,-1.66586,-47.2685,125.692,44.7641,12.1175,-58.4674
295,-1.17642,-46.6458,124.677,42.8575,16.384,-63.1891
296,-1.10024,-46.6843,124.878,42.2,16.0794,-62.9292
297,-0.665591,-46.115,123.905,39.1812,17.9535,-66.4886
298,-0.163197,-44.4514,124.978,34.6775,23.1464,-73.1929
299,-0.602779,-46.0729,125.552,38.8706,14.9694,-62.9924
300,0.414969,-44.703,126.228,38.8276,11.9115,-59.4275
301,0.0862612,-45.0857,125.049,37.4516,15.3412,-63.8192
302,0.493206,-45.0283,124.934,37.3069,14.4985,-62.7776
303,0.558305,-46.3919,126.749,38.7374,9.37664,-55.3175
304,0.816192,-45.3724,125.029,34.4538,22.5304,-69.4222
305,0.980329,-45.3096,122.53,37.9249,13.5519,-60.1679
306,0.980329,-45.3096,122.53,37.9249,13.5519,-60.1679
307,0.878973,-45.9198,124.827,37.1658,19.1849,-64.8606
308,0.953938,-45.416,123.373,39.371,9.53608,-55.9478
309,1.22182,-45.3778,123.837,39.1424,12.922,-58.7378
310,0.596538,-45.9026,122.933,39.5074,8.71858,-56.317
311,-0.625197,-47.8416,126.324,35.408,23.0972,-71.274
312,-0.581964,-47.3342,125.091,36.7337,20.1151,-69.7014
313,-0.996103,-46.9714,127.024,40.6741,7.26562,-56.4971
314,-1.66806,-47.3032,126.941,36.2526,20.4862,-72.3626
315,-1.24304,-46.139,126.171,36.3216,20.5404,-73.2678
316,-1.78166,-47.49,127.865,37.9487,16.346,-67.694
317,-1.43094,-47.2424,127.296,35.734,21.565,-75.4908
318,-2.04344,-47.8911,128.693,37.4599,17.9376,-70.5838
319,-2.43402,-48.5591,129.473,37.6739,17.9437,-70.9149
320,-2.82292,-48.9141,129.995,37.6552,18.4279,-71.5086
321,-3.39303,-49.4953,130.557,38.0004,18.3165,-71.2287
322,-3.61298,-49.7023,131.007,38.5255,17.6003,-70.1554
323,-3.89861,-49.9251,131.466,39.4195,16.3627,-68.0389
324,-3.74679,-50.0893,131.536,39.9439,15.3364,-66.5555
325,-3.05895,-49.9523,131.382,41.0802,13.0636,-63.2723
326,-3.21803,-50.8296,132.233,42.1078,10.2634,-59.1276
327,-3.22197,-50.9887,131.374,41.8475,10.6022,-59.286
328,-3.33984,-51.0362,131.617,43.1027,12.9412,-58.4532
329,-2.80591,-50.9404,132.497,45.9401,1.21867,-47.0701
330,-2.6755,-50.8764,132.906,46.9834,-4.39565,-40.8312
331,-3.03043,-50.8059,132.511,46.837,0.605167,-43.3693
332,-2.07523,-50.2518,131.813,46.7062,-5.05534,-38.6839
333,-2.63728,-50.6497,133.102,46.5088,-6.14914,-37.4636
334,-2.37161,-50.4086,133.108,46.1457,-6.24284,-37.3132
335,-2.15263,-50.1653,133.31,45.6368,-5.72455,-37.7172
336,-1.97935,-49.9927,133.303,45.3399,-5.73711,-37.7624
337,-2.0476,-50.1967,133.253,45.6771,-5.11096,-38.1383
338,-2.1881,-50.4353,133.345,46.2422,-5.05923,-37.9692
339,-2.90296,-50.9528,133.641,48.2658,-5.58714,-36.7381
340,-2.43729,-50.6142,133,48.319,-6.18502,-36.6668
341,-3.40799,-51.1453,133.286,52.5522,-7.33913,-35.1883
342,-2.90325,-50.8632,132.638,52.2738,-7.30228,-35.4427
343,-2.97508,-50.979,132.531,52.8555,-7.2992,-35.3979
344,-2.9723,-50.9744,132.585,53.1391,-8.10436,-34.8689
345,-3.02024,-51.0065,132.994,52.8552,-8.95168,-34.2741
346,-2.1455,-49.6942,133.52,47.7236,-13.8877,-30.7102
347,-2.69691,-50.5937,133.79,46.886,-6.14382,-36.3897
348,-2.76472,-49.466,133.534,43.9872,-7.27222,-35.8218
349,-2.25433,-49.3092,134.406,42.5432,-12.574,-31.1361
350,-1.76821,-48.8081,135.179,41.666,-15.7218,-28.0366
351,-2.34685,-49.3291,134.505,42.7177,-11.5402,-32.0796
352,-1.7871,-47.9217,134.256,39.5305,-12.3602,-32.1848
353,-1.67468,-48.3194,134.529,38.2529,-10.9547,-33.1465
354,-1.75377,-48.0724,135.739,37.9921,-9.23444,-34.0881
355,-1.75938,-48.7706,135.221,36.2571,-13.9008,-29.3385
356,-1.7616,-48.3208,135.212,35.1499,-15.0235,-27.8625
357,-1.77629,-46.9464,135.964,31.124,-18.4202,-23.0606
358,-1.06812,-46.6318,134.199,30.9887,-15.0169,-28.9094
359,-1.50291,-46.1037,135.487,27.1068,-21.5544,-18.3897
360,-1.78177,-46.6671,135.385,27.5034,-19.2336,-22.0904
361,-1.38794,-46.5293,135.014,28.4663,-17.5368,-25.434
362,-1.49593,-46.6759,135.212,28.099,-17.7394,-25.2597
363,-1.63895,-46.6104,135.182,27.8559,-17.9838,-25.0403
364,-1.69621,-46.5277,135.387,27.5352,-18.5753,-24.3913
365,-1.65539,-46.3134,135.623,27.2628,-19.2815,-23.5037
366,-1.79092,-46.1681,135.802,26.8599,-20.0063,-22.6289
367,-1.77311,-46.352,135.967,26.9015,-19.9634,-22.9719
368,-1.88068,-46.4631,136.193,26.719,-20.2556,-22.8962
369,-1.99124,-46.7108,136.568,26.4321,-20.672,-22.4608
370,-2.04896,-46.8928,136.907,26.3593,-20.8168,-22.8026
371,-2.47489,-47.0374,137.234,26.03,-21.6179,-22.2384
372,-2.60116,-47.0902,137.39,26.0501,-21.9788,-21.9301
373,-3.38748,-48.1585,138.984,26.8766,-21.9835,-22.1216
374,-4.04732,-50.9657,139.409,27.9817,-21.3194,-24.7585
375,-3.75537,-49.2927,139.296,26.6884,-23.1415,-21.2547
376,-4.08998,-49.9384,139.692,26.497,-23.5758,-20.57
377,-4.32939,-50.1697,139.699,25.7605,-24.593,-18.8071
378,-4.40596,-50.1255,139.769,25.2037,-25.1975,-17.5883
379,-4.41111,-49.6378,139.507,24.0038,-26.5443,-15.0255
380,-4.55928,-49.2345,140.003,18.2284,-33.4603,-2.52774
381,-4.90857,-48.9419,139.065,17.9409,-33.7503,-2.64388
382,-4.94945,-48.8632,139.25,15.3104,-36.1891,2.57097
383,-5.11327,-48.4649,139.342,18.1128,-34.1029,-2.53209
384,-5.38865,-48.6429,139.354,17.1925,-35.3245,-0.447653
385,-5.36999,-48.864,139.491,16.5868,-35.9891,1.06817
386,-5.53739,-48.8199,139.371,17.628,-36.2285,2.82588
387,-5.15072,-48.5148,139.361,16.2105,-37.8997,7.89953
388,-4.47538,-48.5954,139.775,18.873,-37.2698,5.66562
389,-4.77458,-49.8927,139.415,25.1042,-33.4128,-2.33057
390,-5.41261,-51.3445,138.145,27.2557,-31.2209,-4.25053
391,-5.23064,-50.5653,138.028,25.4691,-33.2997,-0.345682
392,-5.128,-50.3026,139.27,24.0629,-35.1045,2.86964
393,-5.16961,-50.0662,138.96,23.419,-35.6505,4.43277
394,-5.04004,-49.6988,138.901,23.2029,-36.0388,5.12281
395,-4.92228,-49.4911,139.106,23.3148,-36.3876,5.4809
396,-5.78315,-50.6036,143.101,25.3252,-37.2275,5.26451
397,-6.60122,-51.642,144.637,18.4823,-41.923,16.3265
398,-6.7297,-52.6249,142.856,29.7608,-33.2809,-3.0172
399,-7.26236,-54.2903,144.77,31.9067,-32.2159,-4.52959
400,-7.91003,-55.2598,145.91,26.3137,-37.7611,7.21722
401,-7.60358,-53.5386,146.039,28.103,-36.9855,5.65901
402,-7.8974,-54.7354,146.44,26.9718,-37.6734,7.03105
403,-7.8721,-54.4644,146.386,27.2736,-37.4192,6.81104
404,-7.66256,-53.7615,146.025,27.0216,-37.4468,7.21026
405,-7.44838,-53.4919,146.076,26.9335,-37.5562,7.45674
406,-7.1834,-53.1857,145.776,26.8978,-37.4468,7.34658
407,-7.01001,-53.1863,145.497,27.9265,-36.3735,5.37083
408,-6.95599,-53.4635,145.717,28.447,-35.8198,4.44692
409,-7.19629,-54.0606,145.737,27.6325,-36.1396,5.65007
410,-6.31276,-52.5982,143.983,27.9969,-37.1346,7.09885
411,-5.70523,-53.2007,143.504,32.8959,-36.8764,6.37064
412,-6.84386,-54.247,146.041,32.1029,-39.0859,10.2821
413,-6.52628,-54.549,145.517,31.8729,-39.2327,10.6081
414,-5.59378,-54.039,144.031,38.5785,-30.9017,-1.63823
415,-6.22142,-54.1013,144.928,35.8667,-34.9972,3.92821
416,-6.1958,-54.1941,144.786,36.0641,-34.7256,3.67446
417,-6.0288,-54.1277,144.553,36.6149,-34.0673,2.74512
418,-6.04757,-54.0056,144.445,37.1464,-33.8213,1.82721
419,-6.15847,-53.6699,143.374,38.3892,-32.0887,-1.9456
420,-6.26325,-53.0999,142.793,39.9743,-29.9041,-5.88946
421,-6.02988,-53.7493,144.314,45.5227,-21.3965,-16.1125
422,-6.90105,-54.2898,145.116,44.8753,-23.0667,-15.2484
423,-6.90105,-54.2898,145.116,44.8753,-23.0667,-15.2484
424,-6.87282,-55.8302,142.606,45.7573,-12.1446,-25.5688
425,-6.49482,-53.8891,143.812,44.8717,-20.1305,-18.5807
426,-7.0452,-54.5665,144.189,44.6187,-22.1266,-16.7416
427,-7.17268,-54.5829,144.183,44.3716,-22.9952,-15.8668
428,-7.09804,-54.0354,144.316,44.0425,-24.6088,-14.3152
429,-6.8451,-53.8022,144.042,44.1864,-24.3583,-14.6136
430,-6.66033,-53.934,143.753,45.016,-22.1822,-16.5974
431,-6.66033,-53.934,143.753,45.016,-22.1822,-16.5974
432,-6.48685,-54.766,144.97,47.1879,-21.8202,-15.9969
433,-6.48685,-54.766,144.97,47.1879,-21.8202,-15.9969
434,-5.7653,-53.4941,142.616,46.0421,-23.9556,-14.9199
435,-6.65954,-55.0004,144.104,46.5346,-22.8762,-15.0331
436,-7.25939,-54.0945,144.505,42.2453,-29.7353,-8.21641
437,-6.93131,-54.2299,144.171,41.7007,-26.6228,-11.1185
438,-6.22059,-53.2329,144.691,42.59,-23.1226,-14.9793
439,-6.59616,-53.6271,145.548,39.4269,-26.594,-10.9861
440,-6.58374,-54.1605,142.876,40.9642,-16.8856,-21.1957
441,-6.28367,-52.7548,145.019,39.1525,-26.3947,-11.2503
442,-6.43648,-53.3751,144.502,39.0919,-25.5019,-12.159
443,-6.45565,-53.2024,144.37,39.0217,-25.2748,-12.3422
444,-6.55313,-53.1855,144.566,38.926,-25.32,-11.9906
445,-6.59419,-53.1803,144.73,38.4261,-26.2467,-10.6717
446,-6.7257,-53.0857,144.619,37.2762,-27.9382,-8.1735
447,-6.79644,-53.4595,145.043,35.9591,-29.6752,-4.76727
448,-6.89761,-53.1345,146.042,29.743,-36.608,8.30207
449,-6.76654,-52.7142,145.457,27.427,-38.3167,12.1371
450,-6.67106,-53.2321,145.218,31.5707,-34.6039,5.05647
451,-6.59807,-53.1712,145.412,29.6207,-36.6049,9.0779
452,-6.64867,-53.4766,146.22,25.9288,-40.5014,16.833
453,-6.43064,-53.0332,145.4,25.9369,-39.4466,16.0627
454,-6.32345,-53.0409,145.43,24.0392,-40.64,19.3491
455,-6.35582,-53.0862,145.409,20.7325,-42.3634,24.604
456,-6.90863,-53.4312,145.255,11.039,-45.8033,39.0045
457,-7.19805,-53.3809,145.251,6.75054,-46.7463,45.2209
458,-7.53236,-53.0711,145.135,1.22648,-47.4822,53.1124
459,-7.62955,-52.7499,144.963,-0.642882,-47.593,55.7476
460,-7.54797,-52.2758,144.722,-1.19031,-47.609,56.4666
461,-7.43216,-51.9756,144.708,0.950395,-47.4852,53.5114
462,-7.29836,-51.914,144.627,0.729774,-47.4629,53.6972
463,-7.2401,-52.1,144.59,2.86667,-47.1596,50.7455
464,-7.30476,-52.6353,144.711,3.27102,-47.0702,50.6006
465,-8.11971,-54.4956,145.521,11.1702,-45.7422,41.8089
466,-6.95421,-53.1038,143.657,-7.58958,-48.3073,68.0829
467,-7.31199,-53.5105,142.43,1.99233,-47.7904,56.1436
468,-7.28769,-53.2007,143.115,11.7043,-46.5486,43.7538
469,-7.75903,-54.042,143.948,3.50678,-48.08,54.7114
470,-7.54937,-53.8301,143.766,6.67492,-47.6714,50.374
471,-8.43162,-54.8968,143.814,9.31887,-47.2933,42.2296
472,-9.64279,-55.1677,143.741,9.5034,-47.9921,40.5688
473,-9.64279,-55.1677,143.741,9.5034,-47.9921,40.5688
474,-9.61134,-53.7216,140.64,-12.5756,-48.478,68.6511
475,-9.37119,-52.3596,144.949,-37.6084,-41.3608,103.646
476,-9.37119,-52.3596,144.949,-37.6084,-41.3608,103.646
477,-9.37119,-52.3596,144.949,-37.6084,-41.3608,103.646
478,-9.50836,-54.9307,145.015,5.17864,-48.5239,48.5074
479,-8.1906,-53.8524,144.702,-36.0905,-40.1086,106.109
480,-7.36907,-54.1977,142.965,-27.1057,-43.3764,96.0297
481,-7.72329,-53.4043,143.869,-0.295492,-46.9505,61.7034
482,-7.55262,-53.5962,145.247,-1.54799,-47.0386,66.1448
483,-7.07067,-53.7021,145.267,-9.58911,-46.3812,80.3531
484,-5.55822,-53.1067,143.781,-13.4184,-45.453,85.8083
485,-6.00283,-53.1734,145.569,-1.94642,-46.3286,74.3233
486,-5.58492,-54.002,143.822,3.60121,-44.6236,67.3276
487,-5.56247,-53.5678,142.663,14.7584,-40.9331,51.8728
488,-6.82921,-53.5078,145.917,9.31848,-44.1731,62.8748
489,-6.13759,-53.4082,145.164,4.63933,-44.9992,68.5979
490,-6.58461,-53.9167,146.618,-4.21965,-46.5772,83.0893
491,-6.46954,-53.9693,146.914,-3.23062,-46.405,82.6244
492,-5.24988,-53.8539,146.021,16.2778,-40.9602,55.4323
493,-5.83369,-55.198,148.954,13.0795,-43.6848,64.377
494,-3.3149,-57.9725,150.728,-16.0051,-46.8876,111.347
495,-5.82622,-58.8028,153.855,29.5185,-38.1958,51.8911
496,-5.25509,-58.2651,155.115,23.9903,-43.153,61.3524
497,-3.052,-58.9427,153.358,5.4251,-48.3171,85.6987
498,-4.34133,-58.7084,153.56,16.5509,-45.5614,71.0711
499,-4.00646,-58.6876,153.58,13.4912,-46.6732,75.5926
500,-3.74697,-58.8825,153.587,15.1197,-46.1337,73.6497
501,-3.69216,-58.9013,153.696,15.6594,-46.0358,73.1539
502,-3.76936,-59.0993,153.737,15.95,-45.8636,73.1351
503,-3.85352,-59.091,153.917,12.8428,-46.8717,77.7597
504,-3.61,-59.7684,153.858,20.5666,-41.3903,66.7282
505,-3.94891,-60.7652,155.095,15.5651,-43.4284,76.9846
506,-4.0279,-61.1867,157.192,11.5588,-45.8223,84.8747
507,-2.96701,-62.8857,157.615,9.52616,-45.9026,89.3909
508,-2.3181,-63.6335,157.952,19.2968,-41.9504,75.6789
509,-3.23581,-64.0468,159.819,28.4924,-37.9695,64.0564
510,-1.80484,-63.2812,160.646,-12.4898,-49.2649,120.88
511,-2.69392,-63.8635,159.893,15.6788,-45.2626,83.0097
512,-2.52438,-63.6676,160.426,18.1333,-44.7757,79.8834
513,-2.27328,-63.7244,160.494,21.8849,-43.0364,74.789
514,-2.3568,-63.6676,160.486,21.8625,-43.1741,75.1427
515,-2.50366,-63.7713,160.525,20.99,-43.6131,76.9622
516,-2.59435,-63.9353,160.689,16.3917,-45.5926,84.142
517,-0.28488,-65.9405,160.307,-7.61366,-47.5497,118.924
518,-0.544806,-66.1717,162.388,10.5015,-46.2906,95.7734
519,-1.98697,-64.491,165.048,19.95,-45.211,84.5954
520,-1.79204,-65.2478,166.689,13.8623,-48.1521,95.0351
521,-0.634653,-68.7109,163.559,28.0679,-37.0027,73.6679
522,-0.232266,-68.9895,165.142,22.8195,-41.7925,84.3245
523,-0.648927,-67.9804,168.33,30.9975,-39.1274,75.647
524,0.195324,-69.6661,168.226,20.9319,-45.2291,91.099
525,0.390748,-69.7042,168.7,9.46073,-49.7682,107.516
526,0.00606835,-69.2987,168.569,18.8227,-46.7754,94.5871
527,0.250818,-69.3772,168.992,18.2533,-47.3121,95.7493
528,0.386351,-69.3505,169.156,22.0055,-45.8301,90.8087
529,0.523361,-69.289,169.254,24.3034,-44.8534,87.9617
530,0.59691,-69.6821,168.912,26.1123,-43.6342,85.7383
531,0.711606,-69.797,168.762,28.1901,-42.5119,83.3574
532,0.844824,-70.0788,168.469,23.9584,-45.5845,90.5213
533,0.832583,-69.9234,168.465,22.8308,-46.3886,92.3053
534,0.817074,-69.7182,168.523,21.3422,-47.3401,94.5298
535,0.798785,-69.3087,168.811,22.8806,-46.8712,92.5144
536,0.814766,-68.8864,169.091,24.3216,-46.1127,90.6337
537,0.875726,-68.9736,169.22,28.4234,-43.3466,84.8013
538,0.955294,-69.3252,169.047,30.1119,-41.7345,82.19
539,1.0702,-69.7514,168.873,38.3943,-34.6977,68.9292
540,0.974765,-70.8164,167.794,21.2026,-46.5441,94.5133
541,0.368862,-70.7827,167.728,20.2012,-47.3934,96.5709
542,0.291426,-69.6414,168.516,34.8413,-41.2959,75.3842
543,0.574642,-69.6559,168.846,17.0233,-53.3851,98.8792
544,0.564242,-70.1799,168.659,46.7647,-27.6619,54.9563
545,1.20453,-70.7231,168.028,39.5664,-39.0141,66.8566
546,1.11196,-71.0283,167.885,43.9024,-34.038,59.7449
547,0.751588,-70.9094,168.022,40.4591,-38.6709,65.7317
548,0.568798,-70.9922,167.947,38.5596,-40.954,68.8165
549,0.133777,-70.7811,167.858,28.5026,-47.4922,83.7443
550,0.864984,-70.7243,168.471,29.4559,-44.9591,82.8561
551,0.207674,-70.8945,168.159,12.231,-49.9309,107.887
552,0.0635041,-68.7219,170.795,30.0786,-42.2558,83.8578
553,0.372197,-71.5269,167.978,29.3272,-38.0842,83.8223
554,0.544344,-69.7429,169.69,22.0071,-43.1125,95.7723
555,0.385025,-70.3214,169.74,27.0224,-39.011,88.4505
556,0.61633,-70.7503,169.051,26.0773,-38.5799,89.6982
557,1.03629,-70.8484,169.157,10.9261,-45.5956,112.054
558,0.524156,-70.5184,169.612,22.0989,-41.8384,96.1808
559,0.418413,-70.1738,170.008,23.814,-41.1087,93.7794
560,0.345816,-70.2745,170.371,23.3246,-41.429,95.0512
561,0.481616,-70.633,170.578,21.1288,-42.5426,98.8805
562,0.591522,-71.8346,170.254,23.8688,-39.9232,95.7815
563,1.06437,-71.1747,171.205,21.8308,-42.0124,98.7788
564,1.27084,-71.7473,171.114,21.3578,-41.9871,99.8726
565,1.46513,-71.77,171.468,23.6886,-40.8269,96.6581
566,1.55996,-71.8447,171.412,22.4141,-41.6293,98.6915
567,1.58065,-71.7607,171.415,20.6087,-42.7777,101.502
568,1.47882,-71.2119,171.792,22.8787,-42.01,98.1755
569,1.51986,-70.6479,172.047,20.2742,-43.8789,102.023
570,1.7866,-70.3715,171.987,21.9723,-43.3916,99.2186
571,1.86918,-70.1624,171.872,21.0528,-44.0746,100.406
572,1.82257,-70.7198,170.538,27.2217,-39.0467,90.4255
573,1.67423,-69.1607,171.324,17.3397,-46.7839,104.708
574,1.45852,-69.6146,167.23,17.8287,-42.3019,100.051
575,-0.401924,-67.5958,168.119,19.8956,-42.2993,95.4382
576,0.479983,-68.5995,165.761,15.3467,-42.7443,100.315
577,0.089034,-68.1872,164.568,15.4038,-41.8426,98.3645
578,-0.655572,-67.0222,162.718,15.7835,-40.3,94.4487
579,-1.40205,-63.7514,163.402,2.53423,-45.1282,109.935
580,-1.02274,-64.2027,161.431,12.9387,-40.9381,91.9916
581,-3.04661,-63.5569,160.504,19.326,-36.9963,77.6528
582,-2.6233,-62.1352,161.306,-5.12337,-43.9324,111.698
583,-2.80449,-61.9505,158.957,-17.863,-40.8133,127.167
584,-4.33256,-62.0572,159.174,25.8369,-30.8167,57.9389
585,-4.96802,-62.0077,158.496,9.95542,-39.6504,84.1075
586,-2.83464,-61.756,157.453,-10.9188,-40.8576,113.767
587,-3.69055,-60.8267,155.905,-10.5561,-40.2149,111.839
588,-5.59884,-59.7003,157.381,8.81713,-39.8188,81.7313
589,-4.44742,-59.406,154.828,-13.9064,-40.5106,110.971
590,-4.58159,-59.4658,154.043,-7.53137,-40.9401,99.8619
591,-6.283,-59.0807,155.833,-4.96963,-41.9591,97.0754
592,-5.10874,-59.0059,155.071,-7.07779,-41.4845,99.5728
593,-4.86973,-58.2191,154.979,-1.84553,-41.0409,89.0254
594,-6.19741,-58.4354,153.658,0.0640426,-41.4034,80.6361
595,-7.51243,-58.3547,155.049,-22.2386,-39.6389,113.37
596,-7.92782,-58.8446,154.582,-32.7172,-34.3671,127.255
597,-7.81485,-58.6911,152.93,-14.64,-41.5999,96.1999
598,-8.03767,-57.7273,154.355,-31.9791,-35.7977,122.387
599,-8.30521,-58.3414,153.708,-18.9969,-41.0741,102.206
600,-8.43683,-58.3311,153.847,-17.8447,-41.4905,100.227
601,-8.31475,-58.2346,153.857,-17.7134,-41.6569,99.6719
602,-8.27323,-58.5783,153.946,-18.4605,-41.4391,100.775
603,-8.27323,-58.5783,153.946,-18.4605,-41.4391,100.775
604,-8.66976,-60.136,156.338,-6.52928,-43.6545,84.2197
605,-9.15498,-61.7927,158.591,-16.9675,-43.0594,100.675
606,-7.69955,-62.4896,157.179,-33.2883,-34.9962,125.711
607,-7.67751,-61.7201,156.805,-24.9731,-39.9537,111.698
608,-8.49625,-62.1896,157.847,-22.2417,-41.2206,108.11
609,-8.40068,-62.1504,157.752,-20.0093,-41.9255,104.585
610,-8.33225,-62.201,157.648,-19.8157,-41.9742,104.087
611,-8.32918,-62.2887,157.408,-22.0547,-41.2308,107.35
612,-8.30783,-62.7575,157.143,-22.9169,-40.9361,108.383
613,-8.40844,-63.1136,157.111,-22.993,-41.0135,108.326
614,-8.61521,-63.6117,156.949,-24.4928,-40.5468,110.276
615,-8.80667,-64.0247,156.865,-25.4435,-40.3044,111.232
616,-8.97749,-64.1662,156.757,-26.2596,-39.971,112.175
617,-9.17558,-64.9726,158.064,-9.09088,-44.72,86.4692
618,-9.42267,-64.9105,158.552,-37.1792,-33.3451,130.444
619,-7.94432,-64.9529,157.745,-36.3537,-33.5491,128.327
620,-8.16169,-65.825,158.22,-20.614,-42.4565,102.886
621,-9.43968,-66.4947,159.497,-20.1153,-42.6934,104.188
622,-8.21739,-67.1828,159.576,-37.0118,-33.7976,130.112
623,-8.33728,-67.3505,159.771,-30.3501,-39.1467,118.282
624,-9.56664,-67.9301,161.761,-8.09418,-46.0764,86.6552
625,-9.64479,-67.9546,162.347,-25.8335,-42.513,111.995
626,-9.36234,-68.4849,162.188,-31.5593,-40.3251,120.675
627,-8.80028,-67.8376,161.645,-24.9641,-42.7145,109.905
628,-8.76341,-67.9268,161.72,-25.1408,-42.8797,109.644
629,-8.94004,-68.0926,161.712,-25.8242,-42.8131,110.182
630,-9.03599,-68.2205,161.921,-26.095,-42.9538,110.235
631,-9.16807,-68.3405,162.077,-27.5003,-42.5243,112.114
632,-9.11141,-68.2003,162.039,-28.9008,-42.0809,113.63
633,-9.69845,-68.7828,160.902,-19.905,-46.118,97.8341
634,-10.0385,-68.4468,161.509,-21.3182,-47.4173,97.2545
635,-10.0711,-67.9562,161.874,-41.3306,-38.1953,124.227
636,-9.48162,-67.9046,160.628,-49.9493,-31.1708,132.885
637,-10.3036,-67.6596,161.846,-24.2473,-51.1212,93.4733
638,-10.2262,-67.8139,161.599,-53.3573,-28.7243,135.217
639,-9.78864,-67.2219,160.172,-52.373,-30.7741,131.6
640,-10.0169,-67.4122,159.872,-41.6753,-43.5845,113.394
641,-9.86333,-67.2282,160.376,-40.4338,-44.9487,111.362
642,-10.5128,-67.5259,160.837,-41.592,-43.7652,113.813
643,-10.5904,-67.3436,160.813,-40.5593,-44.7215,111.881
644,-10.5994,-67.1817,160.947,-40.5971,-44.8841,111.641
645,-10.5818,-67.1242,160.945,-40.7081,-45.0892,111.298
646,-10.5376,-67.1036,161.094,-40.0408,-45.8767,109.944
647,-10.8295,-67.8866,161.843,-41.9392,-45.6618,111.376
648,-11.4826,-68.5281,162.097,-45.3966,-43.1057,115.69
649,-11.6209,-69.9369,162.834,-38.1922,-49.8647,103.975
650,-12.7051,-70.4603,164.137,-43.2193,-49.3374,106.741
651,-12.9641,-71.1732,164.318,-43.6002,-49.9776,105.105
652,-13.5978,-71.5091,166.302,-42.7357,-51.8494,102.915
653,-13.7395,-72.2149,166.026,-50.8947,-45.2382,113.029
654,-13.7244,-72.0961,165.281,-54.3599,-41.8572,116.658
655,-14.2427,-72.6995,167.314,-48.5707,-49.0153,107.391
656,-13.6538,-71.7097,165.566,-52.9311,-44.5689,112.633
657,-13.9291,-72.1168,166.076,-48.1058,-49.1013,106.115
658,-14.079,-72.2354,166.465,-50.5744,-47.1348,109.583
659,-14.1164,-72.3154,166.454,-50.7274,-47.0873,109.482
660,-14.1417,-72.4334,166.61,-50.3401,-47.5776,108.811
661,-14.1759,-72.4178,166.713,-50.0994,-47.9145,108.362
662,-14.1569,-72.4477,166.708,-50.3023,-47.6952,108.584
663,-14.0556,-72.7146,167.135,-50.3069,-47.4541,109.127
664,-13.6998,-72.5391,167.017,-40.4331,-50.213,101.456
665,-12.4206,-71.9264,167.754,-40.6692,-45.2861,110.285
666,-11.8696,-72.4151,167.584,-38.6286,-43.8305,111.464
667,-11.9924,-72.8544,167.082,-23.2909,-49.9875,91.1116
668,-11.8032,-72.468,167.967,-2.74932,-52.3657,65.0763
669,-12.1855,-72.8357,168.061,-26.0738,-49.4849,94.8951
670,-12.0272,-72.6324,168.102,-23.1734,-49.9165,91.2992
671,-11.9692,-72.5594,168.259,-19.9394,-50.5461,87.1557
672,-11.8689,-72.5662,168.289,-16.6183,-50.9188,82.8401
673,-11.7843,-72.541,168.36,-14.608,-51.0925,80.1663
674,-11.4229,-72.4665,168.464,-4.56482,-51.0424,66.2008
675,-11.0692,-72.4223,168.625,-6.55918,-51.2127,68.3422
676,-11.3505,-72.5187,168.602,-4.63404,-51.0262,66.0466
677,-11.3719,-72.5644,168.745,-3.64657,-50.8832,64.5983
678,-11.3529,-72.6236,168.74,-3.87333,-50.7858,64.8309
679,-11.376,-72.6203,168.725,-2.339,-50.6919,62.9566
680,-11.3639,-72.6588,168.808,-2.40486,-50.7387,63.2239
681,-11.3473,-72.8167,168.795,-2.9424,-50.8166,64.1292
682,-11.4085,-72.9459,168.765,-4.44993,-50.8821,66.2856
683,-11.509,-73.3103,168.665,-6.94982,-50.8487,69.7535
684,-11.8908,-73.9855,168.542,-8.26808,-50.662,71.9417
685,-12.2087,-74.5649,169.04,-14.5839,-50.0377,81.8244
686,-11.5619,-74.2264,168.115,-9.71065,-49.453,78.8202
687,-11.1638,-73.7404,167.735,5.27814,-48.59,59.7019
688,-11.2768,-73.6028,168.611,2.69083,-49.1611,64.3578
689,-10.7945,-73.0635,168.346,-14.2066,-48.8694,86.738
690,-11.0872,-73.6028,168.187,-5.16783,-49.4382,74.5278
691,-10.945,-73.3578,168.122,-4.7901,-49.3316,74.3418
692,-10.7755,-72.9911,167.761,-4.69974,-49.0434,74.5462
693,-10.2419,-71.2542,165.757,-0.796265,-47.3373,68.8681
694,-10.3176,-70.7485,165.981,0.05286,-47.274,67.9714
695,-10.3176,-70.7485,165.981,0.05286,-47.274,67.9714
696,-8.67769,-68.8851,163.028,-5.56879,-47.089,75.2107
697,-8.67769,-68.8851,163.028,-5.56879,-47.089,75.2107
698,-9.13711,-68.3446,164.58,-18.1209,-46.6106,94.4139
699,-8.60313,-68.0695,163.077,-28.4882,-42.4514,109.407
700,-6.56482,-66.6313,160.959,-20.2188,-44.183,99.8861
701,-7.70781,-65.902,161.538,14.9918,-42.3469,53.1497
702,-6.96987,-65.1799,161.038,-28.1351,-40.9414,115.031
703,-7.70317,-64.7485,159.603,2.00747,-44.5622,72.2321
704,-8.02526,-63.7148,158.94,-2.10568,-44.7457,78.3294
705,-7.38297,-62.8469,158.259,-16.0342,-44.1927,97.2885
706,-7.31742,-62.5572,156.681,-14.2791,-43.7618,94.5393
707,-7.96173,-61.4188,157.831,3.27536,-44.6804,70.0622
708,-7.6401,-61.0488,156.64,-3.01355,-44.7652,78.3886
709,-6.38212,-60.1036,155.589,-9.1687,-44.5196,85.806
710,-6.44177,-60.0567,154.469,9.50798,-42.2026,58.4493
711,-7.60051,-60.5547,155.268,6.54623,-43.2284,64.037
712,-7.48378,-61.0637,153.85,-11.5209,-43.1633,89.1366
713,-8.13244,-59.8652,153.827,-6.3801,-43.96,81.6223
714,-9.19671,-59.1122,154.882,-1.00002,-44.6212,73.9908
715,-8.27051,-58.3872,153.88,-6.6026,-44.9121,80.1851
716,-7.36062,-57.996,151.809,4.23517,-43.7019,63.0177
717,-7.5534,-57.1265,150.968,10.3927,-42.036,53.6193
718,-8.26759,-57.228,152.271,-5.0158,-44.8052,76.6932
719,-8.30371,-56.3165,151.109,-15.1941,-43.4784,90.7326
720,-7.86885,-56.2672,150.694,-1.84063,-44.2488,70.6982
721,-7.42697,-55.7101,150.28,-2.47181,-44.1418,70.6777
722,-7.80316,-54.2616,148.532,-5.29212,-44.2744,73.4279
723,-7.70075,-53.9525,148.54,1.65794,-44.0005,63.3731
724,-7.92786,-54.5988,148.385,1.58932,-43.2046,63.4296
725,-7.51,-53.746,149.073,-7.1302,-44.7227,75.7159
726,-7.41796,-53.7039,147.823,3.89467,-42.8022,58.1432
727,-7.02709,-53.1165,147.876,-3.86811,-44.6831,68.2669
728,-7.57147,-53.8657,147.471,-2.3911,-44.3676,65.2072
729,-8.26318,-53.472,147.971,-1.81702,-44.5195,64.9588
730,-8.18622,-53.0705,147.934,-0.045979,-44.5988,61.8144
731,-7.78733,-52.9562,147.613,4.65181,-44.0798,54.515
732,-7.73745,-53.1823,147.704,5.78305,-43.8705,52.8387
733,-7.85997,-53.5854,147.72,6.19358,-43.7073,52.1952
734,-8.01929,-53.5868,147.614,4.76081,-43.8937,54.1538
735,-8.23884,-53.4884,147.588,3.05035,-44.1321,56.3632
736,-8.34642,-53.2995,147.498,1.76854,-44.3082,57.927
737,-8.39632,-52.8183,147.223,0.347329,-44.4355,59.444
738,-8.28396,-52.6052,147.119,0.0323555,-44.5061,59.5392
739,-8.1937,-52.4861,146.97,0.277581,-44.4787,58.908
740,-8.16133,-52.4272,146.924,0.688747,-44.4146,58.2289
741,-8.23878,-52.6133,146.904,-0.0793595,-44.4139,59.3346
742,-8.28892,-52.7439,146.661,-0.248081,-44.2728,59.6601
743,-8.33412,-52.7049,146.475,-1.83835,-44.2889,62.071
744,-8.3547,-52.3372,146.043,-4.19255,-44.1835,65.576
745,-8.19845,-51.9765,145.718,-4.08183,-44.0985,65.3622
746,-7.87131,-51.1663,145.348,-4.72468,-44.0632,66.1421
747,-7.66066,-50.7347,145.034,-3.91626,-43.9756,64.8846
748,-7.23428,-50.1494,144.426,-4.35477,-43.8283,65.2164
749,-6.99116,-49.9413,143.852,-3.52814,-43.5812,63.7904
750,-5.96245,-48.7187,142.219,-5.604,-43.4317,66.0091
751,-6.79319,-48.5454,141.675,-6.59944,-42.9978,67.0522
752,-6.79319,-48.5454,141.675,-6.59944,-42.9978,67.0522
753,-5.54152,-47.5446,139.842,-1.79127,-43.0876,57.3591
754,-7.18507,-47.4981,141.79,-15.739,-43.6166,77.0022
755,-7.99624,-48.5089,140.225,-26.5138,-40.4751,89.3962
756,-8.24148,-48.998,138.528,1.44719,-44.8492,45.4309
757,-8.24148,-48.998,138.528,1.44719,-44.8492,45.4309
758,-8.24148,-48.998,138.528,1.44719,-44.8492,45.4309
759,-9.98139,-50.0079,138.829,-30.0247,-42.5179,80.712
760,-9.82012,-49.106,137.743,-22.0811,-46.5012,68.5203
761,-10.544,-51.0183,140.187,-26.0747,-45.124,75.6469
762,-10.3088,-49.4595,138.661,-19.4143,-46.8334,65.4728
763,-10.2877,-49.6436,138.855,-19.0413,-47.0554,64.8415
764,-10.5288,-50.1516,139.431,-20.1375,-46.9273,66.2925
765,-10.9077,-50.7151,139.781,-21.4982,-46.6885,68.174
766,-11.1053,-50.9476,139.896,-19.8556,-47.1511,65.8872
767,-11.1879,-51.1703,140.203,-22.0705,-46.639,68.9383
768,-11.3759,-51.1775,140.224,-22.3184,-46.6285,69.2155
769,-11.0602,-50.9732,140.452,-22.0162,-46.9165,68.6454
770,-11.0572,-50.8981,140.244,-21.8457,-46.8129,68.5724
771,-10.804,-51.0465,140.353,-20.4214,-47.0601,66.9283
772,-10.7628,-51.381,140.5,-17.8621,-47.4662,63.9645
773,-11.1261,-52.2543,140.926,-14.0713,-47.4579,60.8421
774,-10.4723,-50.41,140.199,-20.2395,-46.337,69.1008
775,-10.8739,-51.3095,140.313,-16.9672,-46.707,64.8447
776,-10.7789,-50.9435,140.296,-15.9989,-46.7379,63.8603
777,-10.7605,-50.7962,140.505,-16.6341,-46.574,64.9307
778,-10.7277,-50.7284,140.391,-16.3003,-46.5688,64.575
779,-10.7695,-50.8784,140.702,-15.8473,-46.657,64.4744
780,-11.0636,-52.972,143.558,-12.0577,-47.2742,63.1726
781,-10.1626,-53.1791,143.053,-17.5888,-45.9609,72.3061
782,-10.0805,-53.7288,142.85,-8.89727,-46.6147,61.3334
783,-11.0999,-54.4648,145.164,2.36114,-46.4999,47.6706
784,-11.8645,-55.0203,145.145,-8.6237,-46.3215,63.4442
785,-11.0455,-54.2235,144.551,-10.2912,-46.665,64.7463
786,-10.9562,-53.8454,144.488,-10.0016,-46.6361,64.6739
787,-10.9192,-53.4712,144.581,-11.33,-46.599,66.7193
788,-10.2641,-52.6254,144.244,-10.4699,-46.8421,65.3274
789,-10.0323,-52.5558,144.417,-11.6282,-46.9402,66.7463
790,-9.85217,-52.6214,144.479,-15.027,-46.5964,71.0958
791,-11.2642,-55.4883,146.655,-34.1054,-40.2372,97.1751
792,-11.3064,-54.7914,145.274,-30.2365,-42.8136,89.71
793,-11.0708,-53.9655,145.583,-9.5362,-48.4468,60.822
794,-11.5203,-54.3325,147.518,-28.2056,-44.9867,86.3876
795,-11.3862,-54.1306,146.142,-18.4178,-47.3852,72.8629
796,-11.3661,-53.9641,146.427,-17.2272,-47.867,71.0076
797,-11.3305,-54.0103,146.609,-18.5206,-47.8,72.308
798,-11.8009,-56.4629,146.649,-31.2819,-43.9602,86.5791
799,-13.0454,-56.624,149.093,-10.8002,-50.5716,58.4069
800,-13.4656,-55.9488,149.707,-20.3638,-49.59,69.7095
801,-12.5569,-54.9774,147.833,-35.8133,-43.9476,88.7844
802,-12.5569,-54.9774,147.833,-35.8133,-43.9476,88.7844
803,-13.692,-56.6718,150.098,-16.7393,-51.2188,63.2663
804,-13.8563,-56.8321,150.679,-27.3577,-49.2735,75.7754
805,-13.7591,-57.1642,149.448,-32.1656,-47.5555,80.921
806,-13.9346,-57.6646,150.56,-20.2576,-52.5883,64.7829
807,-15.217,-59.5531,152.079,-33.4027,-49.5159,80.2265
808,-14.8718,-58.5498,151.165,-33.3355,-50.3389,78.5848
809,-15.672,-59.2904,152.297,-29.3564,-52.2907,72.9332
810,-15.6039,-59.4205,152.369,-26.417,-53.2897,68.662
811,-15.4293,-58.7376,152.007,-33.78,-50.4198,78.4223
812,-15.5484,-58.7937,152.121,-32.8281,-51.0176,76.8375
813,-15.6302,-58.8968,152.258,-33.3877,-51.0462,77.1104
814,-15.786,-59.0755,152.17,-33.7484,-51.1165,77.2817
815,-15.8772,-59.1949,152.346,-35.4792,-50.8013,79.065
816,-15.9387,-59.272,152.447,-36.6331,-50.529,80.2838
817,-15.9846,-59.486,152.545,-38.2919,-50.2515,82.0593
818,-16.0699,-59.6187,152.579,-38.597,-50.4045,82.4389
819,-16.1302,-59.6632,152.608,-39.5857,-50.2054,83.7989
820,-16.1472,-59.6131,152.503,-40.0567,-50.1613,84.4801
821,-16.1826,-59.6662,152.407,-40.0332,-50.3374,84.4952
822,-16.1193,-59.4278,152.32,-40.8928,-50.031,85.5964
823,-16.0992,-59.3549,152.276,-41.0344,-49.9746,85.681
824,-16.1678,-59.4198,152.196,-40.4939,-50.1708,84.8095
825,-15.5966,-59.4022,152.251,-38.0209,-49.6008,82.964
826,-15.3238,-60.2927,153.174,-33.2138,-50.1814,80.2362
827,-15.1653,-60.568,153.417,-28.2466,-49.2552,80.1382
828,-15.222,-60.8931,152.806,-14.8404,-51.9389,63.706
829,-15.1109,-61.0757,152.38,-21.1667,-50.4908,72.4323
830,-15.4969,-61.733,152.606,-29.194,-47.6341,83.3702
831,-15.1246,-61.2504,152.457,-22.911,-50.097,74.523
832,-15.0887,-61.3034,152.407,-23.2459,-49.9658,75.046
833,-15.1766,-61.5054,152.669,-23.8225,-49.8552,75.8246
834,-15.2113,-61.6181,152.847,-23.7803,-49.9256,75.6679
835,-15.3424,-61.9192,153.34,-24.081,-49.8943,75.8966
836,-15.5626,-62.3779,153.929,-12.2638,-51.1913,59.5552
837,-15.5926,-62.5162,154.734,-9.07659,-51.1282,55.1256
838,-15.5894,-62.1656,154.759,-1.46711,-50.3869,43.3715
839,-15.4908,-61.817,154.8,2.00778,-49.4584,38.061
840,-15.1445,-62.3028,155.42,4.22258,-47.9029,33.2662
841,-14.7351,-61.6725,154.309,6.46119,-46.8732,28.9119
842,-14.5094,-61.649,153.876,16.4497,-42.5134,13.1208
843,-14.9045,-63.4744,156.146,15.6228,-42.2162,14.6203
844,-14.4995,-62.5089,155.384,14.3256,-41.5757,14.9955
845,-14.3995,-62.4795,154.862,17.7273,-40.3942,10.4368
846,-14.2639,-62.2922,155.385,16.5164,-41.4223,14.7271
847,-13.8706,-62.3429,155.233,22.2294,-41.0822,13.4093
848,-13.2673,-61.8106,153.472,26.3291,-39.8937,10.5064
849,-12.9897,-61.8273,154.528,30.3515,-38.0114,6.20394
850,-13.4034,-62.487,155.101,29.9781,-38.6442,7.76205
851,-12.9876,-63.0935,154.43,29.1352,-38.95,8.50745
852,-13.3716,-63.1186,154.651,31.8761,-37.0322,4.78081
853,-13.666,-63.0372,155.505,32.2885,-37.6402,6.99148
854,-13.5442,-63.035,156.009,30.4173,-39.9313,10.7159
855,-13.4678,-62.7084,154.923,31.2561,-38.5531,8.34663
856,-13.265,-62.2821,154.73,33.0671,-36.964,5.17668
857,-13.0336,-62.2702,154.258,40.6021,-26.7095,-10.6389
858,-12.9608,-62.0563,153.994,39.716,-27.6527,-9.90893
859,-12.8579,-62.1361,154.26,40.3764,-26.7249,-10.5141
860,-12.8241,-62.3587,154.288,41.319,-25.0179,-12.6396
861,-12.8222,-62.506,154.281,41.4707,-24.8102,-12.8526
862,-12.8475,-62.5151,154.232,41.8516,-24.7158,-12.8665
863,-12.8311,-62.3676,154.172,42.0091,-25.2284,-12.3322
864,-13.0644,-63.1202,154.153,43.778,-26.6321,-11.2652
865,-13.2223,-63.3928,154.445,44.9147,-26.0894,-11.9726
866,-13.1767,-63.395,155.471,46.6488,-23.6524,-13.8621
867,-13.2631,-63.3964,154.943,44.8359,-29.0349,-9.96408
868,-13.7265,-64.1818,156.33,46.2384,-26.9537,-11.4788
869,-13.6637,-64.3026,156.033,46.5763,-26.4257,-12.57
870,-13.8289,-64.7771,156.152,47.0021,-25.867,-13.0568
871,-14.1482,-65.3085,156.483,47.3043,-25.9952,-13.101
872,-14.2638,-65.6732,156.848,47.713,-25.6075,-13.5177
873,-14.515,-65.9718,157.081,47.9574,-25.7863,-13.5043
874,-15.2937,-66.8939,157.922,47.385,-27.9162,-12.1803
875,-16.1824,-67.8565,159.582,48.2363,-28.3255,-12.9411
876,-16.3853,-68.31,160.502,48.4412,-28.317,-14.0393
877,-16.7979,-69.0725,161.09,46.9467,-31.1384,-11.5202
878,-16.5349,-68.5719,160.409,47.9239,-28.63,-13.2529
879,-16.5579,-68.7695,160.572,47.9115,-28.4274,-13.4558
880,-16.5186,-68.7525,160.604,47.2347,-29.1454,-12.5593
881,-16.4533,-68.7231,160.465,46.8389,-29.0931,-12.2655
882,-16.4063,-68.5575,160.405,45.8604,-29.7056,-11.2354
883,-15.077,-65.8659,159.408,39.6396,-34.5238,-3.04031
884,-14.4855,-65.4908,157.987,39.7072,-32.8023,-4.54233
885,-14.1832,-64.778,157.55,39.5718,-32.0097,-4.80517
886,-13.7848,-64.4385,157.227,39.3541,-31.5566,-4.8168
887,-13.3068,-63.2045,156.399,37.7293,-32.3559,-3.05281
888,-12.8064,-62.7186,154.697,37.7499,-30.436,-4.44605
889,-12.3678,-61.8937,153.736,37.0705,-30.3584,-3.2708
890,-12.1713,-60.8735,154.281,33.9138,-34.4785,3.00118
891,-12.0147,-60.8561,153.734,32.0634,-35.6925,5.63886
892,-12.1363,-61.3355,153.667,36.6119,-29.6734,-3.0749
893,-11.456,-60.3448,152.94,34.7304,-32.7043,0.956303
894,-11.6197,-60.9334,153.708,37.4152,-28.5336,-2.6842
895,-10.8739,-60.4728,152.563,37.3037,-29.667,-2.35203
896,-11.1152,-60.7325,153.379,40.0929,-26.6396,-5.52259
897,-10.7429,-59.9041,152.264,36.2943,-30.8659,-0.41691
898,-10.7432,-59.9466,152.009,37.4594,-29.7092,-2.23717
899,-10.8546,-60.1898,152.105,37.981,-29.6091,-2.63686
900,-10.6332,-60.327,151.13,37.4717,-32.3526,-0.58911
901,-11.3875,-61.6863,153.378,38.3911,-33.329,1.0813
902,-11.246,-62.5723,152.199,44.5568,-22.8114,-10.4325
903,-11.3066,-62.9008,153.818,44.4928,-25.5864,-7.84854
904,-10.6854,-62.9197,150.022,41.3405,-27.6303,-6.04444
905,-11.2329,-62.667,150.17,43.3876,-24.7949,-8.86561
906,-11.3715,-62.8371,151.646,43.3183,-26.402,-7.31853
907,-11.6897,-62.9642,151.694,42.8178,-27.9043,-5.86116
908,-11.7929,-62.8804,151.964,43.2911,-27.9841,-6.09457
909,-12.2746,-63.3219,151.934,42.9813,-30.01,-4.95379
910,-13.4394,-64.9958,155.472,46.2556,-27.9199,-8.17736
911,-13.2702,-65.2867,155.016,44.0351,-32.8051,-4.25589
912,-13.2488,-65.4203,155.22,50.7341,-20.0801,-15.1273
913,-13.5595,-65.7028,155.579,45.4225,-33.5004,-3.65655
914,-13.2959,-65.3633,155.786,48.2153,-29.5595,-7.43242
915,-13.6372,-65.8965,154.841,51.1341,-21.5391,-13.7526
916,-13.4889,-65.5448,154.542,49.2012,-26.2135,-10.2687
917,-13.6373,-65.6508,154.728,49.5844,-27.1611,-9.84071
918,-13.7202,-65.8086,154.758,49.9765,-27.1751,-10.1191
919,-13.7119,-65.9441,155.011,50.3568,-27.4181,-10.3031
920,-13.7588,-65.9551,155.196,50.6719,-27.8996,-10.4494
921,-13.7221,-66.0992,155.396,51.4059,-26.7603,-11.6224
922,-13.7326,-66.1021,155.597,51.31,-27.4452,-11.0489
923,-13.735,-66.2265,155.777,51.2849,-27.9467,-10.6095
924,-13.6806,-66.3067,155.773,51.5495,-27.6767,-10.8886
925,-13.7789,-66.4389,155.794,51.2837,-28.9001,-10.0759
926,-13.8299,-66.4564,155.835,50.719,-30.8292,-8.80337
927,-14.1412,-66.3403,155.809,48.6274,-34.601,-5.8729
928,-14.0838,-66.764,155.977,49.8289,-33.6711,-7.01942
929,-14.069,-66.7901,156.176,50.4705,-32.6914,-8.11348
930,-14.1218,-66.7829,156.803,49.0604,-35.4725,-5.703
931,-13.9687,-67.3182,157.787,53.5909,-28.8628,-11.7025
932,-14.4849,-67.7952,158.48,53.285,-30.4176,-10.1625
933,-14.4374,-67.4399,156.912,49.8635,-35.5765,-6.15667
934,-14.6511,-67.6414,157.412,50.1497,-35.5446,-6.51802
935,-15.3478,-68.059,158.618,53.7683,-27.1078,-13.7331
936,-15.4717,-67.6194,159.361,51.2666,-32.0132,-10.5548
937,-15.1843,-68.1573,157.495,43.0386,-42.7626,0.180269
938,-14.8397,-67.0776,156.616,44.0471,-40.1701,-2.62983
939,-14.6777,-67.4266,157.427,46.0083,-37.9155,-4.53026
940,-12.9325,-65.2032,154.674,41.7745,-37.8576,2.17101
941,-12.1402,-63.7809,154.078,43.4213,-33.3736,-0.969027
942,-12.9627,-63.9266,156.379,45.086,-31.5703,-1.82609
943,-12.4054,-63.0364,155.352,39.2807,-38.5176,6.79331
944,-12.5235,-63.685,154.672,38.2837,-39.1834,7.56097
945,-12.2557,-62.9055,154.933,41.0374,-35.3784,3.20926
946,-11.8526,-62.1832,154.355,39.5439,-36.0804,4.71129
947,-11.6497,-61.8519,153.858,38.3891,-36.7163,5.87978
948,-11.4486,-61.6309,153.616,38.2678,-36.5048,5.58177
949,-12.5199,-63.6083,155.917,43.1911,-33.4853,-1.06491
950,-13.8768,-66.2321,156.254,34.8059,-46.1832,10.6922
951,-14.1927,-65.7306,157.527,47.9363,-30.2715,-9.19439
952,-14.9773,-66.4613,158.816,47.2502,-32.8145,-7.51335
953,-15.0164,-67.1422,156.772,36.9328,-45.0096,6.42514
954,-15.0044,-66.8983,157.138,40.4463,-42.3992,0.373978
955,-15.8764,-67.5344,159.843,46.7007,-35.244,-8.49201
956,-16.1979,-67.6601,159.777,43.603,-39.8244,-4.70655
957,-15.8181,-67.6369,159.022,42.2531,-40.9549,-3.85972
958,-15.9203,-67.5448,159.303,43.7434,-39.073,-5.84301
959,-15.871,-67.8832,159.004,43.4437,-39.2827,-5.90415
960,-15.8953,-68.0063,159.03,42.9263,-39.8862,-4.96119
961,-15.795,-67.9593,159.13,43.3139,-39.3373,-5.38461
962,-15.7927,-67.9352,159.07,42.404,-40.3114,-3.86982
963,-15.658,-67.6127,158.834,42.1487,-40.2538,-3.67915
964,-15.5559,-67.3658,158.46,42.2591,-38.4636,-6.14829
965,-16.0189,-67.3275,159.711,42.105,-38.2501,-6.45363
966,-15.6402,-66.5116,158.385,36.2443,-43.4704,0.669492
967,-15.673,-67.0302,157.865,33.2602,-45.2228,4.24191
968,-15.7941,-66.9841,158.855,37.5584,-42.0108,-1.18636
969,-15.9877,-67.04,158.085,28.2382,-45.9093,7.00703
970,-16.0472,-66.9854,157.832,25.6387,-45.5805,6.66041
971,-16.3577,-67.4885,159.477,27.2634,-43.0139,1.21997
972,-16.6526,-67.4613,159.619,23.0718,-43.2005,2.63439
973,-16.256,-66.6822,157.235,17.6165,-44.9294,8.05852
974,-16.0935,-66.8566,156.925,19.4763,-43.135,3.10269
975,-16.6551,-68.2173,160.078,22.8239,-41.3692,-1.29345
976,-16.9745,-67.7185,159.304,17.4538,-43.9385,5.36231
977,-16.6455,-66.874,156.553,19.7712,-42.937,0.589639
978,-16.9595,-67.6097,158.824,25.3805,-40.8858,-6.61642
979,-17.3337,-68.0458,158.917,17.3969,-44.4493,4.39459
980,-17.2988,-68.0455,158.908,18.7065,-44.3128,2.58387
981,-17.4953,-68.1172,159.043,18.5375,-44.8393,2.85296
982,-17.6318,-68.1439,159.211,18.3967,-45.4033,3.15548
983,-17.7707,-68.3007,159.235,18.2283,-45.8052,3.44385
984,-17.7889,-68.4058,159.708,18.7806,-45.9853,2.8553
985,-18.0667,-69.7801,161.181,21.6701,-45.4171,-0.374212
986,-18.2635,-69.944,161.159,17.9035,-46.9695,4.40785
987,-18.4079,-70.495,161.872,16.1841,-47.6987,6.74288
988,-18.9637,-71.8075,164.752,17.7284,-47.3353,6.05476
989,-19.1263,-71.5114,165.003,16.2698,-48.1414,8.23497
990,-19.1446,-71.3169,164.34,13.3382,-49.3286,11.9738
991,-19.1875,-71.1869,164.27,10.5481,-50.6431,16.1658
992,-19.1941,-71.0522,164.218,8.40807,-51.362,19.1879
993,-19.078,-71.1144,164.041,6.16266,-51.9215,22.2608
994,-18.926,-70.9733,164.241,6.60261,-51.8594,21.7394
995,-18.8262,-71.0128,164.209,5.57777,-51.7259,22.8573
996,-18.4137,-71.0555,164.335,4.65571,-49.8989,25.5958
997,-17.815,-69.7151,162.066,3.38515,-49.9243,27.7943
998,-18.5958,-70.0662,164.698,8.52466,-49.2577,27.293
999,-17.1668,-68.1874,162.614,8.14494,-49.5828,29.2895
1000,-16.422,-67.0521,159.802,10.1128,-49.3255,30.11
1001,-16.393,-67.2597,162.583,28.045,-43.1989,8.83602
1002,-16.3735,-67.0285,160.62,11.7931,-49.7316,32.1589
1003,-15.0735,-67.2917,159.479,16.7592,-48.9498,27.4622
1004,-14.8737,-67.5329,161.312,27.4045,-45.6302,18.07
1005,-15.4112,-67.8707,162.54,29.41,-44.9716,17.7102
1006,-14.9336,-66.5311,159.597,19.8595,-49.1848,29.8522
1007,-15.3612,-67.1393,161.188,32.7133,-43.147,14.3063
1008,-15.0009,-66.7202,159.636,25.842,-46.6762,21.9691
1009,-14.0374,-65.7549,157.771,34.1045,-39.9922,8.18061
1010,-14.3424,-65.7785,159.792,42.1984,-31.0791,-4.07865
1011,-14.5699,-66.118,160.087,44.4001,-28.5786,-7.1352
1012,-14.6488,-65.9592,159.514,44.8348,-27.8354,-8.00732
1013,-13.9328,-65.4788,157.153,43.6846,-28.35,-8.86981
1014,-13.623,-65.9731,157.207,46.8804,-26.3401,-11.007
1015,-14.6697,-65.8535,159.194,48.3737,-27.2759,-9.65281
1016,-13.6604,-65.2238,156.912,49.172,-29.692,-8.55595
1017,-13.9073,-65.1426,158.448,51.4229,-28.8651,-9.2128
1018,-14.5178,-65.446,158.853,50.8663,-33.2983,-5.76904
1019,-14.5178,-65.446,158.853,50.8663,-33.2983,-5.76904
1020,-14.5178,-65.446,158.853,50.8663,-33.2983,-5.76904
1021,-15.328,-68.5741,160.731,55.8893,-27.2101,-13.851
1022,-15.328,-68.5741,160.731,55.8893,-27.2101,-13.851
1023,-16.0691,-69.8569,158.722,44.276,-45.5264,-0.0920619
1024,-16.4458,-70.0064,162.524,56.6592,-22.8417,-19.6252
1025,-17.2522,-70.5349,164.475,55.7649,-25.6249,-18.8401
1026,-17.3594,-70.71,160.927,47.5967,-36.2251,-11.6373
1027,-18.1694,-71.7496,164.385,48.3207,-33.1888,-13.784
1028,-17.6722,-70.8625,161.568,44.809,-35.8541,-10.4355
1029,-15.5221,-69.3313,159.422,47.7803,-35.6739,-9.05409
1030,-15.5561,-68.3166,161.315,53.775,-30.4201,-9.06656
1031,-14.808,-67.6551,161.458,56.1249,-26.206,-10.6816
1032,-13.5275,-67.4277,156.648,40.7709,-47.6151,11.1297
1033,-13.2631,-66.0924,156.261,40.1895,-39.9413,6.16533
1034,-12.6757,-64.2907,157.209,44.1537,-30.8379,-2.90386
1035,-12.1142,-62.108,154.834,36.6379,-36.6614,6.80865
1036,-12.1142,-62.108,154.834,36.6379,-36.6614,6.80865
1037,-9.96355,-58.7195,151.656,31.8705,-37.3134,13.6485
1038,-8.24165,-55.9344,149.022,32.5537,-34.1179,10.9491
1039,-7.59763,-53.761,147.042,32.3575,-32.7289,9.50102
1040,-7.7876,-53.3652,147.106,34.5173,-29.6914,5.49611
1041,-7.83391,-52.7337,146.295,35.082,-28.6244,4.07901
1042,-7.86919,-52.8318,144.865,30.6091,-33.6979,11.656
1043,-7.69324,-52.747,142.887,29.0954,-35.327,13.8017
1044,-8.73598,-53.0546,143.524,32.3356,-33.015,9.76985
1045,-8.76915,-52.7386,139.735,23.1511,-41.3377,24.379
1046,-8.05405,-52.781,137.461,22.8483,-42.2845,24.3924
1047,-8.98868,-52.5143,139.457,38.7637,-27.2836,-0.510528
1048,-9.00866,-52.3508,137.84,33.189,-33.0724,7.55987
1049,-8.83974,-52.4134,137.905,34.1228,-32.9115,7.20435
1050,-7.82488,-51.4792,134.484,33.5035,-35.4743,9.64149
1051,-8.68448,-50.8139,136.869,38.5285,-32.424,5.2096
1052,-8.57652,-51.7284,136.936,44.4337,-29.4181,1.28343
1053,-6.48456,-52.2065,132.429,27.3248,-47.7016,26.5176
1054,-8.11236,-52.153,136.417,48.5742,-24.8734,-2.91848
1055,-8.06051,-52.7898,134.959,44.9035,-30.7444,2.60304
1056,-8.17305,-52.9215,135.384,46.0983,-29.3117,1.31326
1057,-8.29393,-53.0285,135.352,44.8969,-32.5072,4.44018
1058,-9.2179,-52.6843,136.664,36.0849,-41.5636,16.828
1059,-8.50895,-51.4235,136.32,34.3977,-37.6483,12.8412
1060,-7.73,-50.7098,134.926,33.5301,-36.895,11.8833
1061,-8.22927,-50.2637,136.052,38.3007,-30.7498,3.88073
1062,-8.36759,-50.6388,135.556,29.7526,-39.4733,17.5249
1063,-8.34508,-50.8962,135.736,34.8234,-34.6977,9.52231
1064,-8.46862,-50.7923,135.509,33.6733,-35.1659,11.0189
1065,-8.53807,-50.745,135.183,33.0368,-35.3119,11.7652
1066,-8.35218,-49.5926,133.416,24.765,-40.5835,23.0199
1067,-9.21596,-49.9828,134.943,30.0226,-37.2106,18.4344
1068,-8.81552,-48.4997,134.711,30.8988,-36.1603,16.9123
1069,-7.11947,-47.0113,130.945,17.2734,-42.9341,32.3754
1070,-7.7574,-47.2996,132.157,29.0414,-36.3116,16.2441
1071,-7.60646,-46.9611,132.132,30.5573,-34.7749,13.5059
1072,-7.45306,-46.5462,131.787,31.2632,-33.767,11.9165
1073,-7.42019,-46.3893,131.292,33.1533,-30.9829,7.97387
1074,-7.59875,-46.2009,130.744,31.4942,-32.6402,10.8982
1075,-7.78982,-46.0308,130.076,29.1725,-34.666,14.8207
1076,-8.10153,-45.1604,128.437,21.5921,-39.4271,25.5443
1077,-8.10182,-45.2991,129.327,26.1531,-36.9908,20.0059
1078,-8.04077,-44.9032,129.19,24.5511,-38.1824,22.594
1079,-7.8344,-44.2282,128.829,25.9237,-37.0314,20.1914
1080,-7.4826,-43.8479,128.711,28.7553,-34.5251,15.1221
1081,-7.31246,-43.6389,128.757,29.6026,-33.6939,13.1361
1082,-7.40896,-43.9544,128.465,29.5128,-33.5913,12.7694
1083,-8.16976,-44.7077,129.092,28.312,-34.9091,14.5432
1084,-8.62887,-44.9235,129.115,26.2817,-36.5401,17.9077
1085,-8.66639,-43.0459,128.125,18.0565,-40.8325,28.4242
1086,-7.92431,-42.7498,127.283,14.7459,-41.82,32.2838
1087,-8.64694,-44.2029,129.214,24.6406,-37.1675,19.5289
1088,-8.39814,-43.7623,129.384,25.2445,-36.5636,18.0646
1089,-8.20139,-43.6684,129.254,25.9939,-35.7959,16.4645
1090,-7.88188,-43.6465,129.432,27.7471,-34.12,13.1572
1091,-7.97869,-43.7164,129.736,27.5866,-34.1503,13.4113
1092,-8.27919,-44.2704,127.689,14.9332,-40.1369,30.7593
1093,-8.59871,-44.1993,129.777,23.2718,-36.1212,19.5697
1094,-8.59488,-43.9986,129.649,20.3275,-37.6289,24.1064
1095,-8.27956,-43.2113,129.403,18.7257,-37.952,26.2038
1096,-8.05493,-42.8203,129.281,19.966,-36.8294,23.9312
1097,-7.66568,-42.2142,129.254,20.597,-36.0715,22.8178
1098,-7.42493,-41.7847,128.924,19.2791,-36.6155,24.8583
1099,-6.96465,-41.2574,127.24,15.245,-37.8371,29.1899
1100,-6.96465,-41.2574,127.24,15.245,-37.8371,29.1899
1101,-7.2051,-40.1306,126.717,23.8679,-32.542,17.208
1102,-7.02662,-38.7451,123.844,5.90304,-40.0155,42.7222
1103,-8.32953,-39.8651,126.173,20.6128,-34.8361,24.0222
1104,-7.87657,-38.1544,122.214,20.4622,-34.8501,21.5226
1105,-7.87657,-38.1544,122.214,20.4622,-34.8501,21.5226
1106,-7.87657,-38.1544,122.214,20.4622,-34.8501,21.5226
1107,-5.88828,-36.3137,120.014,20.8627,-33.5613,20.7362
1108,-5.77351,-36.5643,119.829,10.4603,-38.2146,39.0001
1109,-5.77351,-36.5643,119.829,10.4603,-38.2146,39.0001
1110,-5.77351,-36.5643,119.829,10.4603,-38.2146,39.0001
1111,-5.77351,-36.5643,119.829,10.4603,-38.2146,39.0001
1112,-2.61996,-33.371,110.296,15.6286,-32.7699,28.6129
1113,-5.8014,-35.3049,113.189,16.6861,-32.7627,31.8146
1114,-5.8014,-35.3049,113.189,16.6861,-32.7627,31.8146
1115,-5.8014,-35.3049,113.189,16.6861,-32.7627,31.8146
1116,-5.8014,-35.3049,113.189,16.6861,-32.7627,31.8146
1117,-2.24645,-31.3666,111.972,20.6091,-29.2553,22.946
1118,-1.11947,-31.8066,110.871,25.3349,-25.2731,9.7424
1119,-1.16897,-33.2157,108.839,19.0472,-29.0757,20.0782
1120,-4.9806,-33.858,111.563,18.6088,-28.6909,30.9251
1121,-1.77986,-30.5253,107.51,6.88311,-33.7029,44.7996
1122,-1.93251,-31.1899,109.471,14.4265,-31.3072,34.7536
1123,-1.64618,-30.4172,109.523,11.7994,-32.9258,39.6759
1124,-3.23271,-31.0853,111.501,11.7716,-31.8168,34.8044
1125,-3.23271,-31.0853,111.501,11.7716,-31.8168,34.8044
1126,-3.23271,-31.0853,111.501,11.7716,-31.8168,34.8044
1127,-4.48773,-31.5243,112.142,9.94626,-30.8473,29.0536
1128,-4.48773,-31.5243,112.142,9.94626,-30.8473,29.0536
1129,-4.48773,-31.5243,112.142,9.94626,-30.8473,29.0536
1130,-4.48773,-31.5243,112.142,9.94626,-30.8473,29.0536
1131,-4.48773,-31.5243,112.142,9.94626,-30.8473,29.0536
1132,-8.4317,-28.1855,108.524,-19.5187,-34.7147,48.3575
1133,-8.62572,-28.0491,109.583,-18.828,-34.7451,48.0875
1134,-8.63575,-27.8508,109.211,-19.7351,-34.5785,49.2039
1135,-8.52554,-27.7417,109.177,-19.6066,-34.8705,48.5759
1136,-8.39711,-27.4989,109.248,-18.5676,-35.4437,46.647
1137,-8.47195,-26.2528,109.382,-17.2791,-36.3928,42.7278
1138,-8.47195,-26.2528,109.382,-17.2791,-36.3928,42.7278
1139,-10.8359,-33.1787,114.735,-21.5712,-38.3674,44.3506
1140,-10.8359,-33.1787,114.735,-21.5712,-38.3674,44.3506
1141,-10.159,-31.6642,115.903,-29.1515,-36.6339,54.1212
1142,-10.159,-31.6642,115.903,-29.1515,-36.6339,54.1212
1143,-10.7755,-31.4498,116.299,-24.2253,-38.5461,46.7679
1144,-11.2423,-33.1833,116.694,-24.7622,-38.424,47.5212
1145,-8.48851,-32.913,116.134,-16.6781,-37.2989,52.9134
1146,-6.43337,-33.7766,115.372,-1.69746,-38.05,42.8882
1147,-6.43337,-33.7766,115.372,-1.69746,-38.05,42.8882
1148,-6.43337,-33.7766,115.372,-1.69746,-38.05,42.8882
1149,-6.43337,-33.7766,115.372,-1.69746,-38.05,42.8882
1150,-6.43337,-33.7766,115.372,-1.69746,-38.05,42.8882
1151,-6.43337,-33.7766,115.372,-1.69746,-38.05,42.8882
1152,-6.43337,-33.7766,115.372,-1.69746,-38.05,42.8882
1153,-6.43337,-33.7766,115.372,-1.69746,-38.05,42.8882
1154,-6.43337,-33.7766,115.372,-1.69746,-38.05,42.8882
1155,-8.73174,-28.9683,114.724,-25.9967,-33.182,66.9896
1156,-9.54062,-31.7818,115.318,-13.0202,-38.2968,42.7451
1157,-10.1952,-32.7144,118.065,-14.2342,-39.08,42.1194
1158,-10.1952,-32.7144,118.065,-14.2342,-39.08,42.1194
1159,-10.1952,-32.7144,118.065,-14.2342,-39.08,42.1194
1160,-10.5918,-31.0835,116.13,-20.3636,-37.977,49.4936
1161,-10.8973,-30.8827,116.198,-21.0239,-38.1101,50.1686
1162,-10.9631,-31.6202,117.777,-17.5599,-41.3566,42.1402
1163,-10.9631,-31.6202,117.777,-17.5599,-41.3566,42.1402
1164,-11.8837,-31.1226,120.517,-27.4552,-38.2741,57.1264
1165,-10.8539,-33.294,118.599,-20.6284,-41.3929,45.1523
1166,-11.6811,-33.3178,119.893,-21.5402,-40.7577,47.5454
1167,-12.0873,-34.2755,120.414,-22.555,-40.1616,48.795
1168,-11.8571,-34.599,120.968,-9.50229,-38.5965,22.9306
1169,-11.3824,-34.7867,120.733,-8.40727,-36.8958,18.4352
1170,-10.6062,-33.5709,121.176,-13.2031,-35.1763,25.4554
1171,-9.86917,-34.7667,121.087,-3.98594,-35.2233,8.9726
1172,-9.4373,-33.4058,120.342,-7.97314,-34.9098,15.3222
1173,-9.94431,-34.2194,120.979,-10.8422,-34.5192,20.3977
1174,-9.72568,-33.658,120.573,-10.9818,-34.3582,20.6181
1175,-9.52977,-34.0612,120.085,-3.80513,-35.6381,23.8345
1176,-9.89373,-34.5603,120.677,-2.50057,-36.1191,27.0054
1177,-9.23775,-33.8237,119.913,-5.79401,-38.1191,36.6292
1178,-9.10753,-36.0573,119.826,-6.30783,-38.8771,39.6417
1179,-9.4628,-35.476,120.769,-9.00357,-39.4249,46.1819
1180,-9.75605,-36.8903,120.487,-6.46341,-40.374,44.1862
1181,-8.81399,-35.9932,119.529,-16.0049,-40.2315,59.3189
1182,-9.3197,-36.8938,120.005,-15.7897,-41.6115,61.2698
1183,-9.89733,-37.7129,120.644,-6.08623,-43.4426,49.2324
1184,-9.87307,-37.8235,120.499,-14.4743,-43.8301,63.0755
1185,-9.22175,-36.4015,118.333,-23.16,-41.3288,74.7933
1186,-9.51905,-36.5532,118.631,-19.298,-42.969,66.0397
1187,-13.962,-35.204,119.845,-37.3388,-41.0357,71.6274
1188,-14.2611,-34.2238,117.031,-40.4277,-42.3295,70.9965
1189,-14.2611,-34.2238,117.031,-40.4277,-42.3295,70.9965
1190,-14.6268,-36.21,118.775,-47.2767,-41.0337,76.7283
1191,-14.549,-36.8804,118.232,-50.0235,-38.8772,80.3042
1192,-15.0663,-37.5267,116.523,-41.7754,-46.8611,68.1224
1193,-14.9093,-36.3396,116.996,-46.0263,-43.1734,74.2326
1194,-15.0172,-36.8366,116.871,-46.1539,-43.4412,74.3115
1195,-15.0616,-36.9149,116.692,-46.9514,-43.3027,75.4474
1196,-15.2495,-36.8557,116.784,-48.8032,-42.7071,77.8896
1197,-15.3601,-36.8126,116.89,-49.0623,-43.1512,77.9705
1198,-15.6002,-37.0318,117.245,-49.3072,-44.0302,77.7507
1199,-15.76,-37.0715,117.386,-49.6125,-44.4943,77.7249
1200,-16.2737,-37.6113,117.8,-50.0227,-45.1851,77.5854
1201,-16.5145,-37.9827,117.971,-50.507,-45.3035,77.8114
1202,-16.7823,-38.4405,118.356,-51.1563,-45.2025,78.2391
1203,-16.8589,-38.6891,118.58,-51.603,-44.8264,78.6004
1204,-16.756,-38.4081,118.809,-51.6031,-44.5549,78.2984
1205,-16.6622,-37.9144,119.29,-45.1097,-48.7286,68.8025
1206,-15.3873,-37.7746,121.38,-44.735,-43.8236,67.0083
1207,-14.453,-36.6605,121.908,-44.3543,-41.2395,65.5563
1208,-14.8925,-36.1366,120.37,-35.1366,-45.3641,50.9618
1209,-15.0185,-36.2461,121.199,-32.8512,-45.1277,47.0771
1210,-14.9396,-37.0782,122.73,-35.7015,-42.9899,51.0791
1211,-14.6216,-36.6153,121.546,-37.2434,-42.5392,53.2539
1212,-14.5489,-36.2144,121.533,-37.1365,-42.1673,52.8495
1213,-14.5133,-36.3133,121.603,-37.0303,-41.9788,52.495
1214,-14.4959,-36.2465,121.622,-36.6339,-42.2014,51.8147
1215,-14.5266,-36.524,121.845,-37.0818,-41.9467,52.3434
1216,-14.6657,-36.2411,121.863,-37.3391,-41.8884,52.5752
1217,-14.6064,-36.2483,121.936,-37.2125,-42.1273,52.243
1218,-14.6644,-35.5739,121.963,-37.4338,-42.4652,52.4117
1219,-15.051,-35.1357,122.075,-38.4307,-42.5393,53.7662
1220,-18.6569,-37.734,125.91,-48.6164,-41.7456,66.6279
1221,-20.2584,-37.7296,126.635,-51.4552,-42.5781,69.0147
1222,-20.6944,-38.3641,126.462,-51.2891,-44.8511,67.8657
1223,-21.2515,-38.6001,127.821,-53.0062,-43.338,69.9832
1224,-21.2786,-39.7715,128.967,-54.9193,-42.1563,71.495
1225,-22.4242,-37.9275,127.768,-53.167,-45.0751,68.4651
1226,-22.0595,-39.4357,128.525,-53.3025,-44.9048,68.6571
1227,-22.4124,-39.6773,128.755,-53.5794,-45.1809,68.8597
1228,-22.627,-39.7052,128.746,-54.5445,-44.4889,70.3339
1229,-22.6888,-39.6069,128.536,-55.0164,-44.2574,71.2918
1230,-22.3351,-40.1609,129.773,-58.0139,-41.0492,76.3567
1231,-22.7666,-39.4327,128.304,-55.5267,-44.5638,72.6798
1232,-22.6633,-39.3276,128.433,-55.4374,-44.9853,72.7055
1233,-22.6283,-39.3758,128.544,-56.1132,-44.4838,73.7417
1234,-22.6307,-39.6264,128.6,-55.7626,-44.7259,72.9711
1235,-22.7484,-39.6781,128.763,-56.1793,-43.9762,73.4688
1236,-22.7262,-39.4998,128.993,-55.8489,-43.9868,72.6553
1237,-22.7329,-38.9003,129.327,-54.7507,-42.8426,69.7187
1238,-22.5822,-38.2045,128.362,-50.8053,-46.5075,62.9312
1239,-22.1334,-38.6256,130.708,-49.2925,-45.7243,60.0337
1240,-22.2135,-38.8536,129.912,-48.9936,-45.2116,59.0426
1241,-22.6036,-38.035,128.724,-44.1692,-49.1666,52.2949
1242,-22.2184,-38.7047,129.694,-48.7081,-45.9724,58.8432
1243,-22.2582,-38.7371,129.504,-49.1754,-45.6718,59.5589
1244,-22.3956,-38.7894,129.346,-51.1081,-45.431,63.1083
1245,-22.4814,-38.852,129.338,-51.9936,-45.1041,64.4546
1246,-23.0029,-37.7567,128.698,-54.1414,-44.2864,66.5895
1247,-22.8919,-37.73,128.108,-58.7839,-43.3085,69.8948
1248,-23.285,-37.4909,128.417,-57.353,-46.4737,67.178
1249,-22.7244,-38.7535,129.283,-60.5764,-43.7478,70.5737
1250,-22.4501,-37.3389,128.212,-60.7511,-43.463,70.1813
1251,-22.7126,-37.7754,128.265,-60.1345,-44.2513,69.8322
1252,-22.6501,-38.0075,128.274,-61.1544,-43.6761,70.9549
1253,-22.5109,-38.7672,128.381,-62.3716,-43.459,72.1231
1254,-22.5207,-38.7941,128.437,-62.4853,-43.4644,72.0911
1255,-22.5574,-38.754,128.538,-62.3249,-43.5743,71.6754
1256,-22.6385,-38.6335,128.399,-62.0802,-43.8036,71.0633
1257,-22.5923,-38.5388,128.335,-61.7696,-44.3097,70.5192
1258,-22.5098,-38.4808,128.364,-61.7818,-44.2001,70.5247
1259,-22.4297,-38.6679,128.34,-61.6995,-44.0406,70.4792
1260,-22.022,-39.8071,129.062,-59.3762,-43.0381,70.1362
1261,-21.8682,-39.5016,128.585,-55.4793,-45.7037,67.431
1262,-22.1084,-40.3073,128.885,-52.4212,-46.3559,66.513
1263,-21.8213,-40.9812,129.235,-51.6118,-44.6773,68.0342
1264,-22.959,-40.6979,127.866,-46.9643,-48.8389,62.0874
1265,-22.2968,-41.3079,129.052,-50.3409,-46.1375,66.4329
1266,-22.3593,-41.1373,128.888,-50.0288,-46.1645,66.317
1267,-22.351,-40.8664,128.742,-49.1876,-46.5359,65.3669
1268,-22.2475,-40.8294,128.96,-48.6874,-46.4356,64.7433
1269,-22.9551,-39.6101,128.31,-39.1406,-51.052,51.4958
1270,-22.2386,-40.8658,129.862,-34.5584,-52.1762,45.4014
1271,-21.8666,-41.0992,130.091,-31.6445,-52.1452,41.0393
1272,-22.0364,-40.8844,129.545,-39.7688,-47.9839,51.7642
1273,-22.1681,-40.7042,129.18,-39.6758,-47.9683,51.8975
1274,-22.2958,-40.4503,129.076,-45.0918,-44.862,60.3579
1275,-22.3592,-40.2467,128.628,-48.4999,-42.9968,65.476
1276,-22.7257,-39.5601,128.707,-48.9424,-43.3836,66.6405
1277,-22.3514,-40.0622,128.597,-43.467,-47.8673,58.7799
1278,-22.394,-40.2996,128.764,-45.2241,-47.4782,61.6012
1279,-22.5204,-40.5383,128.825,-46.3909,-47.0581,63.4497
1280,-22.5832,-40.9629,129.069,-54.5792,-40.6775,76.0628
1281,-22.7906,-42.1526,129.514,-56.9371,-38.5298,80.3868
1282,-23.2168,-40.9287,129.217,-57.7527,-40.0413,82.2794
1283,-23.0153,-41.5948,129.179,-58.1854,-40.6247,83.3167
1284,-23.5058,-41.4899,129.222,-59.6662,-38.6242,86.0825
1285,-23.8739,-41.5718,129.331,-58.5568,-42.3068,84.9885
1286,-23.9398,-40.6557,128.049,-62.0798,-36.5272,90.5043
1287,-23.7344,-41.5851,129.02,-62.266,-36.3034,91.3349
1288,-23.7576,-41.6493,128.875,-60.7812,-39.7245,88.7258
1289,-23.8265,-41.6628,128.882,-61.2424,-39.3803,89.6399
1290,-24.0404,-41.8329,128.977,-61.7436,-39.0234,90.649
1291,-24.2486,-41.7043,129.081,-61.9164,-39.3564,90.9475
1292,-24.4108,-41.5119,129.061,-62.1266,-39.0507,91.1993
1293,-24.4742,-41.3601,129.199,-62.3144,-39.0264,91.2128
1294,-24.5029,-41.2187,129.195,-62.4029,-39.1672,91.0866
1295,-24.6862,-41.2488,129.396,-62.8072,-39.0622,91.1572
1296,-24.9081,-41.3791,129.539,-63.1647,-38.9175,91.3116
1297,-25.3481,-41.389,129.718,-63.5018,-39.2601,91.1133
1298,-25.6289,-41.4332,130.064,-63.9474,-39.2625,91.2956
1299,-26.0846,-41.5407,130.46,-64.5571,-39.2053,91.5933
1300,-26.3019,-41.5653,130.611,-64.9071,-39.2615,91.7635
1301,-26.6691,-41.8385,130.818,-65.5559,-39.4978,92.4128
1302,-26.6066,-41.6928,130.83,-65.7249,-39.1086,92.7792
1303,-26.4855,-41.643,130.666,-65.6611,-38.9868,92.8674
1304,-26.227,-41.4248,130.377,-65.3036,-38.5656,92.8656
1305,-25.8555,-41.3657,130.15,-64.7942,-38.3937,92.6316
1306,-23.9027,-40.5501,129.129,-61.1849,-36.6924,92.0547
1307,-22.2265,-37.8921,125.865,-59.8407,-35.9568,91.6232
1308,-21.0176,-37.0788,123.98,-56.5007,-37.8189,89.0229
1309,-20.0225,-38.4158,125.892,-55.0521,-39.4014,88.043
1310,-18.7307,-34.8753,120.843,-55.682,-33.5052,92.4317
1311,-18.7307,-34.8753,120.843,-55.682,-33.5052,92.4317
1312,-18.5356,-35.5716,123.001,-50.4879,-40.0766,85.2796
1313,-18.4059,-35.4322,121.815,-52.2714,-37.9859,87.4167
1314,-18.0019,-35.3269,121.702,-51.4601,-38.6461,86.1711
1315,-18.3501,-34.5005,120.722,-46.4897,-42.4029,78.5244
1316,-17.4698,-35.9849,121.942,-51.1895,-37.8013,85.9932
1317,-17.4698,-35.9849,121.942,-51.1895,-37.8013,85.9932
1318,-16.9669,-32.9496,117.228,-48.3695,-40.3527,85.8628
1319,-15.7824,-33.4894,115.026,-46.309,-41.4317,83.9114
1320,-16.0557,-34.4332,115.761,-48.1352,-38.1752,87.886
1321,-15.9346,-34.8454,116.096,-46.5436,-40.1265,85.6552
1322,-15.6608,-34.6585,115.461,-45.9931,-39.8164,85.7183
1323,-15.4401,-34.4777,114.933,-45.3098,-40.1076,85.072
1324,-15.2957,-34.2337,114.071,-44.924,-40.2921,84.9627
1325,-15.0769,-33.9269,113.492,-45.0875,-40.1216,85.4045
1326,-14.8096,-33.65,112.647,-45.3605,-40.0023,86.015
1327,-14.6329,-33.4282,111.936,-45.8595,-39.6311,86.8831
1328,-14.3708,-33.5264,111.474,-45.751,-39.848,86.8703
1329,-14.2667,-33.7202,109.973,-45.6207,-39.5524,87.8767
1330,-14.3012,-33.5284,109.235,-45.1557,-39.7548,87.6984
1331,-14.2846,-32.7952,108.069,-44.82,-39.7802,87.907
1332,-14.2114,-32.4639,107.463,-45.2612,-39.1866,89.0321
1333,-14.0559,-31.9666,106.6,-45.3384,-38.5648,89.941
1334,-14.0957,-32.1935,106.48,-44.5981,-38.6013,89.7077
1335,-10.2027,-30.221,105.224,-29.6622,-39.5713,82.5936
1336,-8.65427,-30.0135,106.206,-32.0072,-36.7309,89.5785
1337,-7.05757,-29.7575,106.261,-32.5743,-34.3424,95.8914
1338,-7.26942,-30.9542,105.754,-15.0231,-40.74,69.8481
1339,-6.96307,-32.0016,106.278,-10.4888,-41.3335,64.5379
1340,-7.36078,-31.7755,106.539,-22.0814,-38.7997,82.6159
1341,-7.22313,-31.6549,106.752,-19.3206,-39.7242,78.8137
1342,-7.40671,-31.7503,106.735,-18.497,-39.7356,78.2878
1343,-7.28193,-31.6648,106.409,-19.0601,-39.3978,79.2513
1344,-7.07268,-30.9985,106.334,-19.9585,-39.096,80.8389
1345,-6.88496,-30.8407,106.334,-20.8097,-38.8065,82.2411
1346,-6.45721,-30.2944,106.164,-22.4019,-38.2487,84.633
1347,-6.25447,-30.6499,106.074,-22.87,-37.9307,85.4241
1348,-6.39758,-31.3319,106.384,-23.7981,-36.855,87.8961
1349,-6.39758,-31.3319,106.384,-23.7981,-36.855,87.8961
1350,-4.65503,-27.7791,101.956,-28.0556,-30.5544,99.5825
1351,-4.08231,-26.8672,99.6434,-20.2494,-33.0891,86.3166
1352,-4.08231,-26.8672,99.6434,-20.2494,-33.0891,86.3166
1353,-4.55065,-24.1235,101.642,-25.7637,-31.0266,96.1631
1354,-5.27535,-26.808,101.787,-17.9535,-33.7861,84.3348
1355,-4.53508,-25.8529,101.317,-17.1951,-33.703,83.358
1356,-4.30239,-25.6595,100.781,-19.2825,-32.5201,87.6709
1357,0.0702847,-21.5229,98.7584,-36.4383,-15.3465,131.813
1358,0.0702847,-21.5229,98.7584,-36.4383,-15.3465,131.813
1359,0.0702847,-21.5229,98.7584,-36.4383,-15.3465,131.813
1360,0.268695,-21.3711,96.2763,-24.9171,-26.4096,111.227
1361,-1.75682,-23.6055,97.5021,-8.99121,-31.8374,80.4277
1362,-2.28014,-20.9538,98.2041,1.64838,-32.1823,65.305
1363,-1.14459,-22.5271,96.958,-8.42895,-31.8167,80.15
1364,-0.212778,-22.1308,97.1945,-7.74539,-32.2217,79.0091
1365,-0.0296091,-22.7535,97.5489,-4.89245,-32.3956,73.7979
1366,0.200345,-22.7547,97.5548,-8.18316,-32.3846,79.8234
1367,-0.557422,-23.0897,97.747,-11.1333,-32.1251,85.2703
1368,-0.557422,-23.0897,97.747,-11.1333,-32.1251,85.2703
1369,-0.557422,-23.0897,97.747,-11.1333,-32.1251,85.2703
1370,2.14465,-21.3614,95.3535,-26.9939,-23.1913,129.628
1371,1.6291,-22.1055,90.8441,3.78609,-27.6285,65.6535
1372,-0.345597,-22.7997,93.3202,8.31312,-26.8096,61.7094
1373,3.64268,-19.7229,95.7586,-25.8811,-25.5074,130.64
1374,1.34542,-21.1878,95.1618,-18.5183,-29.5612,118.893
1375,2.75546,-21.8862,94.4037,-4.63185,-31.1794,87.9735
1376,-0.446852,-23.6043,94.4615,2.64322,-29.3495,72.2264
1377,1.23896,-21.4377,92.1238,-18.7604,-28.0504,105.323
1378,-1.76338,-19.6561,92.4233,-8.41533,-32.6314,74.8115
1379,-5.36813,-21.2078,92.1844,-13.1539,-34.3644,75.3893
1380,-5.36813,-21.2078,92.1844,-13.1539,-34.3644,75.3893
1381,-5.36813,-21.2078,92.1844,-13.1539,-34.3644,75.3893
1382,-6.32267,-20.4296,87.7398,-8.83974,-37.6877,57.5472
1383,-4.86379,-17.487,88.9267,-29.1137,-30.6155,93.6246
1384,-5.95943,-18.74,89.7924,-28.4281,-32.065,91.2543
1385,-6.11786,-18.6765,89.8305,-27.2819,-33.0381,88.6898
1386,-6.17739,-18.6256,89.5876,-28.3661,-32.3847,90.2861
1387,-5.39031,-20.0681,87.3806,-27.1059,-32.2338,85.3006
1388,-6.26692,-19.1125,89.6446,-28.2171,-31.9415,88.9689
1389,-6.83159,-16.8981,86.8642,-34.801,-23.3118,103.697
1390,-3.81523,-14.9529,85.1164,-37.0091,-18.1385,112.576
1391,-3.81523,-14.9529,85.1164,-37.0091,-18.1385,112.576
1392,-6.21022,-16.4765,86.5883,-24.4334,-29.1485,87.4772
1393,-4.38937,-16.4291,85.2127,-28.1463,-27.8524,91.932
1394,-4.38937,-16.4291,85.2127,-28.1463,-27.8524,91.932
1395,2.59326,-18.3636,86.6479,-21.331,-26.4636,107.059
1396,3.7527,-16.9448,86.3954,-32.072,-14.4671,138.636
1397,6.22228,-17.4659,84.2832,-15.5714,-26.1651,93.8749
1398,3.02007,-19.3627,87.3168,-2.27621,-28.0923,66.1094
1399,3.02007,-19.3627,87.3168,-2.27621,-28.0923,66.1094
1400,3.02007,-19.3627,87.3168,-2.27621,-28.0923,66.1094
1401,3.02007,-19.3627,87.3168,-2.27621,-28.0923,66.1094
1402,3.02007,-19.3627,87.3168,-2.27621,-28.0923,66.1094
1403,3.02007,-19.3627,87.3168,-2.27621,-28.0923,66.1094
1404,5.06318,-18.3724,84.5631,2.79748,-22.014,50.2125
1405,0.13584,-20.8784,89.0048,9.76495,-18.6008,42.1013
1406,3.96346,-18.376,87.3284,8.50537,-19.5908,36.8825
1407,4.22557,-17.9927,87.5096,8.53091,-19.7342,37.3258
1408,2.33475,-18.8231,86.741,8.89022,-20.6764,44.451
1409,3.35007,-17.9776,89.24,19.9378,-6.72143,4.70083
1410,6.93519,-17.1619,86.9274,21.2089,0.969632,-12.2387
1411,3.93779,-19.0394,84.4308,7.63366,-23.147,52.6809
1412,3.93779,-19.0394,84.4308,7.63366,-23.147,52.6809
1413,3.93779,-19.0394,84.4308,7.63366,-23.147,52.6809
1414,5.16615,-15.3407,81.3464,-6.36719,-26.4422,83.0627
1415,4.02882,-15.2057,82.3205,-1.93291,-27.2021,78.1711
1416,3.96439,-14.5313,81.3918,-1.08575,-26.769,76.6916
1417,3.96439,-14.5313,81.3918,-1.08575,-26.769,76.6916
1418,3.96439,-14.5313,81.3918,-1.08575,-26.769,76.6916
1419,3.96439,-14.5313,81.3918,-1.08575,-26.769,76.6916
1420,3.96439,-14.5313,81.3918,-1.08575,-26.769,76.6916
1421,3.96439,-14.5313,81.3918,-1.08575,-26.769,76.6916
1422,3.96439,-14.5313,81.3918,-1.08575,-26.769,76.6916
1423,13.1463,5.07311,83.5225,-31.8452,9.69928,-152.447
1424,13.1463,5.07311,83.5225,-31.8452,9.69928,-152.447
1425,13.1463,5.07311,83.5225,-31.8452,9.69928,-152.447
1426,11.9214,-10.5325,72.6617,-11.7737,-21.3339,119.134
1427,11.9214,-10.5325,72.6617,-11.7737,-21.3339,119.134
1428,4.19027,-9.28013,77.1039,18.3104,-11.0446,45.7577
1429,12.4753,-10.0553,72.3361,-0.472825,-20.6312,83.1813
1430,12.4753,-10.0553,72.3361,-0.472825,-20.6312,83.1813
1431,1.67601,-12.4539,75.2221,7.73725,-14.7041,61.4239
1432,2.19983,-10.7915,78.4955,12.5579,-9.32431,39.1437
1433,8.43618,-11.4546,74.6327,10.43,-8.19693,30.7382
1434,7.52942,-9.6269,74.6949,7.53507,-10.6574,39.4706
1435,6.28139,-11.7517,74.5447,9.42126,-7.56723,32.57
1436,6.19545,-12.1626,74.5816,9.38255,-6.3992,29.3586
1437,5.71809,-13.2195,74.5119,9.37761,-3.77544,22.0673
1438,6.38358,-12.9296,74.5938,9.26343,-2.28503,17.0149
1439,6.80129,-13.0426,74.4696,8.98764,-2.10188,16.7111
1440,7.13325,-13.2138,74.536,8.80875,-1.29476,14.3094
1441,7.31733,-12.9093,74.6201,8.85391,-0.914276,13.093
1442,7.4114,-13.0061,74.6016,8.88918,-0.251323,10.8217
1443,9.06496,-13.3586,74.8464,12.742,1.94863,1.12784
1444,5.30931,-14.5967,75.2736,14.1984,-3.57239,21.1426
1445,5.82054,-14.0369,75.1299,17.4596,-1.05278,13.045
1446,8.35092,-13.4926,74.9514,19.086,5.37026,-3.20593
1447,6.62059,-14.6092,74.8459,20.0234,-5.86624,22.5421
1448,5.71574,-14.485,75.9178,21.3009,-2.93798,17.3698
1449,6.00376,-13.831,76.7274,23.6811,3.3694,5.49502
1450,9.35949,-13.9833,74.678,23.8733,1.93277,5.56208
1451,6.25227,-15.307,74.4621,25.2142,-3.92238,19.343
1452,4.93926,-12.9456,77.5639,29.1435,-1.76424,16.499
1453,9.7755,-12.821,74.2184,29.7724,-4.55721,17.2804
1454,6.02461,-13.8744,77.3788,31.6144,-5.18377,20.7735
1455,8.54766,-13.0184,75.5534,30.5437,-0.231144,11.8827
1456,8.60484,-12.9622,75.8819,30.805,1.96353,8.11665
1457,8.51612,-13.0617,76.1104,30.8079,3.28933,5.71744
1458,8.57386,-12.9241,76.0757,30.2312,5.80082,0.822874
1459,8.5649,-13.1683,75.6522,29.1968,8.69687,-4.42444
1460,8.54042,-13.1985,75.6168,28.2917,10.5807,-8.99867
1461,5.53295,-13.866,75.9548,28.9829,4.98487,-0.206483
1462,8.7726,-12.0755,73.7802,11.4181,27.4141,-59.9395
1463,10.4092,-12.9184,72.0378,4.85524,29.2256,-78.549
1464,6.23052,-15.789,75.0132,26.3314,1.78907,-7.90939
1465,5.52877,-16.4939,75.8561,22.0783,15.5118,-31.2615
1466,8.53603,-14.5423,69.4689,4.9727,26.31,-79.5777
1467,7.61893,-14.8306,69.3448,9.62391,22.947,-70.3709
1468,4.15855,-14.8513,73.2758,22.898,-1.73701,-11.144
1469,4.35746,-14.7185,73.968,21.2588,7.01545,-29.1679
1470,4.35746,-14.7185,73.968,21.2588,7.01545,-29.1679
1471,7.04384,-13.5885,71.6456,18.9792,12.8069,-44.2344
1472,7.36018,-13.5983,71.4159,18.16,14.5936,-49.5619
1473,7.50049,-13.648,71.1859,18.9448,13.6851,-47.619
1474,7.31026,-13.762,71.0322,18.2799,15.3875,-51.432
1475,6.75913,-14.2208,70.657,17.345,16.6868,-54.5066
1476,6.59338,-14.2974,69.9213,17.4942,16.7377,-54.6761
1477,6.19169,-14.259,69.8815,19.7678,13.6705,-47.1941
1478,5.46103,-13.7022,69.8363,21.8641,9.92748,-38.7647
1479,8.11109,-8.31813,69.3616,18.0607,18.2414,-58.6523
1480,5.24604,-13.4959,70.3648,20.5323,14.1149,-46.1549
1481,5.91738,-14.3171,70.8319,17.0791,19.0252,-57.1495
1482,6.38117,-14.5128,70.382,15.9287,20.193,-60.5885
1483,6.71388,-14.9142,69.6586,15.8703,20.2687,-61.0646
1484,6.77984,-15.2791,69.7762,16.4045,19.9973,-59.9426
1485,6.51892,-14.9907,69.4443,18.0533,18.6014,-55.9722
1486,6.56004,-15.0694,69.0806,18.9247,17.74,-53.9275
1487,7.0511,-13.8616,72.106,14.6165,26.4773,-71.6668
1488,7.0511,-13.8616,72.106,14.6165,26.4773,-71.6668
1489,3.04267,-16.5651,78.6053,33.1451,5.59631,-30.7873
1490,3.04267,-16.5651,78.6053,33.1451,5.59631,-30.7873
1491,3.04267,-16.5651,78.6053,33.1451,5.59631,-30.7873
1492,3.04267,-16.5651,78.6053,33.1451,5.59631,-30.7873
1493,10.8164,-16.9929,73.1056,14.3476,17.8989,-57.8229
1494,10.8164,-16.9929,73.1056,14.3476,17.8989,-57.8229
1495,10.8164,-16.9929,73.1056,14.3476,17.8989,-57.8229
1496,10.8164,-16.9929,73.1056,14.3476,17.8989,-57.8229
1497,10.8164,-16.9929,73.1056,14.3476,17.8989,-57.8229
1498,10.8164,-16.9929,73.1056,14.3476,17.8989,-57.8229
1499,6.58729,-16.9299,79.2687,9.34161,21.0974,-63.2317
1500,7.07871,-17.7752,77.8139,24.4907,-1.39097,-12.7147
1501,7.07871,-17.7752,77.8139,24.4907,-1.39097,-12.7147
1502,6.68731,-15.3033,74.5728,7.13437,31.4557,-87.4934
1503,6.68731,-15.3033,74.5728,7.13437,31.4557,-87.4934
1504,6.68731,-15.3033,74.5728,7.13437,31.4557,-87.4934
1505,6.68731,-15.3033,74.5728,7.13437,31.4557,-87.4934
1506,6.68731,-15.3033,74.5728,7.13437,31.4557,-87.4934
1507,6.68731,-15.3033,74.5728,7.13437,31.4557,-87.4934
1508,5.25246,-14.7409,72.9286,35.3137,12.8595,-40.4383
1509,5.26519,-15.2178,72.7925,34.9159,15.4305,-43.6501
1510,5.15673,-16.0539,72.5928,34.3368,17.7227,-46.556
1511,4.89843,-16.4086,72.4851,33.3915,19.7248,-49.1431
1512,4.70661,-16.2008,71.9217,34.1942,17.8994,-46.9881
1513,4.50762,-16.2112,72.3501,36.2093,12.6744,-40.4456
1514,3.99984,-16.2041,72.8486,37.3236,8.33936,-34.921
1515,1.79395,-18.1681,74.3901,29.5576,27.3941,-55.152
1516,0.70669,-18.3544,76.1693,24.6742,33.3453,-63.3222
1517,4.48003,-17.4244,74.5806,40.1112,1.21896,-22.9663
1518,5.12435,-15.436,72.3452,36.8863,11.0217,-37.2673
1519,5.17477,-15.7294,71.9333,36.4131,12.736,-39.4372
1520,4.76551,-15.7625,72.1707,36.9763,10.8453,-36.9163
1521,4.76551,-15.7625,72.1707,36.9763,10.8453,-36.9163
1522,4.76551,-15.7625,72.1707,36.9763,10.8453,-36.9163
1523,4.76551,-15.7625,72.1707,36.9763,10.8453,-36.9163
1524,2.53146,-15.7833,75.6561,27.4466,1.5364,-6.05452
1525,4.83845,-12.8235,74.3227,25.2287,9.13279,-19.9703
1526,5.96736,-13.0733,71.9298,24.9865,7.44902,-19.8289
1527,5.96736,-13.0733,71.9298,24.9865,7.44902,-19.8289
1528,4.72808,-15.767,73.8928,18.7298,8.96038,-17.2885
1529,10.8128,-10.9432,67.917,18.2776,6.39554,-18.267
1530,4.00439,-15.5562,68.9851,17.9822,3.08542,-0.733723
1531,6.26172,-11.9242,68.5934,16.8302,10.042,-21.5152
1532,7.82946,-7.82255,66.7218,19.4327,7.9243,-14.7387
1533,5.58142,-10.7198,67.3731,19.7552,2.69868,-0.929884
1534,5.78476,-10.0199,66.7493,20.344,3.21131,-0.190588
1535,6.42449,-9.36801,66.1376,20.7654,2.30566,2.23386
1536,6.70967,-8.911,65.4083,20.8517,4.30929,-0.492474
1537,6.19407,-8.67965,65.1977,21.2404,3.55483,2.24311
1538,6.08771,-7.94361,62.5766,21.101,2.26732,5.88695
1539,5.32533,-7.54846,61.7093,21.1489,2.5087,6.52429
1540,5.09711,-7.6015,60.6143,20.7658,3.57021,4.93865
1541,4.86979,-7.01016,59.0513,20.6781,2.0816,8.57716
1542,7.0543,-6.49305,55.5945,18.1709,7.84826,-8.18363
1543,4.53312,-5.99108,56.3712,20.2417,-1.03721,16.8213
1544,4.2005,-5.53203,56.409,20.3941,-0.0806182,15.7241
1545,3.91194,-5.42548,56.2961,20.3592,0.731274,14.9788
1546,3.54751,-5.34733,56.3569,20.5239,0.213361,16.7361
1547,3.13277,-5.42341,55.9358,20.63,1.12326,16.409
1548,2.92775,-4.95306,54.267,21.0576,-0.0687833,22.1414
1549,2.90671,-4.84411,54.1128,21.3946,0.0327758,23.379
1550,2.72578,-5.08256,54.0782,21.7296,-0.102097,25.3613
1551,3.10692,-5.43104,53.7504,21.6465,-1.52199,28.5726
1552,3.40637,-5.89361,54.0446,21.8456,-0.665837,27.558
1553,3.50924,-5.80548,54.1179,22.0569,-1.40042,29.2806
1554,3.79015,-5.7204,54.066,22.2501,-2.57926,32.008
1555,4.2301,-5.84037,53.7839,22.2065,-3.83112,34.8532
1556,4.1059,-6.12275,53.7024,22.5611,-4.00868,36.9766
1557,4.41634,-6.12894,54.5395,23.3575,-3.55108,38.4329
1558,4.3322,-6.21028,54.6955,23.3999,-3.94216,39.9524
1559,4.78224,-6.10784,54.9643,23.1335,-5.41253,42.5859
1560,4.40451,-5.9833,55.3073,23.0052,-6.32678,44.3195
1561,4.43239,-5.91984,55.0298,22.3246,-7.98433,47.4034
1562,4.49728,-5.31244,55.549,22.6381,-6.99711,44.6649
1563,4.40501,-5.56364,55.6935,22.3776,-7.45829,45.1398
1564,4.57465,-5.40712,55.6491,22.3349,-6.38508,42.3061
1565,5.09198,-5.21562,55.481,21.9634,-5.73244,39.6114
1566,4.62187,-5.64689,55.4288,21.8867,-4.01716,36.1952
1567,4.83775,-4.97741,55.1653,20.8403,-7.08197,41.0862
1568,3.74747,-4.9675,54.4206,20.9049,-5.23682,38.3323
1569,3.61278,-4.53085,53.0939,20.5685,-5.31364,39.0242
1570,5.04303,-3.54394,48.8631,17.8222,-10.0367,46.2547
1571,2.19355,0.613155,47.6901,21.8614,6.05373,16.724
1572,4.88947,1.25453,41.8889,15.7445,10.9704,-2.28635
1573,1.23467,-2.26968,39.9807,18.8232,-4.11577,41.731
1574,0.600492,-0.759935,36.5117,18.501,-4.55501,43.1171
1575,0.74634,0.869246,32.9676,18.3227,-2.99051,38.8495
1576,0.267164,2.45335,27.5762,17.5464,-3.27348,39.0681
1577,0.630825,3.22619,24.742,17.269,-1.65691,34.201
1578,0.672933,3.42402,22.9362,16.6635,-3.9698,39.2898
1579,0.469248,3.92954,20.5192,16.4321,-3.82936,38.6094
1580,-0.252208,3.91875,19.3652,16.3897,-2.94621,36.687
1581,-1.97176,4.35509,16.7808,16.0435,-2.9481,37.4733
1582,-2.74342,4.57933,15.1093,15.853,-2.67222,37.0197
1583,-4.04718,4.97477,12.7245,15.5416,-3.43639,39.5117
1584,-2.87154,6.84844,9.93437,14.926,-5.85582,43.8946
1585,-2.57915,7.23108,8.49814,14.6879,-6.27768,44.5263
1586,-3.02818,7.51421,6.30488,14.5535,-5.94647,43.3208
1587,-3.80083,6.98781,5.66623,14.8411,-3.63368,37.691
1588,-5.01258,6.43423,4.27996,14.6026,-2.78739,36.4157
1589,-6.19286,6.18354,3.19772,14.5646,-1.14947,33.1816
1590,-7.34293,5.50017,2.09212,14.3527,-1.5751,35.7947
1591,-7.55778,5.60599,1.2683,14.0722,-2.8918,39.83
1592,-7.84254,5.55242,0.357569,13.7342,-3.9568,43.2767
1593,-7.94476,5.48041,0.326282,13.6576,-4.20589,44.0832
1594,-7.36776,6.16649,-0.0792626,13.631,-4.05442,42.7451
1595,-6.20256,5.98979,-0.896984,13.6992,-0.412134,31.5451
1596,-6.50762,5.70082,-1.15926,13.6011,1.50741,26.8101
1597,-6.48815,5.84788,-0.978923,13.77,1.55788,26.5678
1598,-6.62815,5.93675,-1.78543,13.657,0.881703,28.7814
1599,-7.08877,6.01623,-2.5156,13.6606,-0.785389,34.0939
1600,-7.58541,6.11717,-3.37086,13.5284,-1.62198,36.8944
1601,-7.09949,6.42421,-5.15899,13.1508,-1.41556,35.8791
1602,-6.72509,6.41773,-5.90363,12.813,-3.12799,40.4972
1603,-6.7551,7.39055,-6.37452,12.9389,-3.68253,41.4527
1604,-6.51747,7.9143,-6.68471,13.1576,-2.79867,38.2721
1605,-6.84592,7.73659,-8.48998,13.2317,-2.31901,37.0416
1606,-7.10582,7.84817,-9.43263,13.2284,-2.55557,37.8578
1607,-7.67006,8.33173,-10.7395,13.1578,-3.2697,40.2522
1608,-7.79118,8.49957,-11.3928,13.0992,-3.41365,40.7058
1609,-8.67719,8.50713,-11.3545,13.2014,-4.29224,43.9093
1610,-10.1628,7.96142,-12.145,13.1898,-4.75856,46.9084
1611,-10.0692,8.24121,-12.722,13.2219,-4.79853,46.8756
1612,-10.6938,7.59836,-12.5068,13.4128,-4.47319,46.6957
1613,-10.6208,7.26206,-13.196,13.5111,-2.94419,42.6226
1614,-8.92591,7.1318,-14.172,13.0636,-1.34709,36.8248
1615,-8.16664,6.74295,-14.8731,12.6659,-2.00855,38.4787
1616,-8.84712,6.60294,-14.5661,12.7939,-0.666119,35.4112
1617,-9.08412,6.85393,-14.2765,12.888,0.0185493,33.6031
1618,-9.48135,7.41468,-13.5236,13.1489,-0.201471,34.3702
1619,-9.67495,7.13195,-13.359,13.1426,0.498848,32.7212
1620,-9.34576,7.38586,-13.0985,13.2381,-0.603624,35.4591
1621,-8.84526,7.40853,-13.3576,13.0353,-0.941274,36.2128
1622,-8.36362,7.15852,-14.0171,12.8036,-0.713727,35.4666
1623,-8.7409,7.32612,-13.6979,12.9565,-1.46425,38.0765
1624,-8.44712,7.28302,-13.5843,13.0577,0.256966,32.7409
1625,-8.63499,7.36953,-13.6243,13.0765,-0.886483,36.3184
1626,-8.83824,7.83064,-13.3643,13.2535,-0.294487,34.5949
1627,-9.358,8.17709,-13.5981,13.1318,-2.7253,42.0585
1628,-9.58546,8.371,-13.716,12.9267,-4.05528,46.1858
1629,-9.19554,8.38763,-13.8041,12.7838,-4.34486,46.678
1630,-9.06181,8.05662,-13.6484,12.8518,-3.85328,45.1205
1631,-8.96769,8.47712,-13.3992,12.9298,-3.6494,44.2678
1632,-7.91863,8.69285,-13.6513,12.8444,-2.83178,40.9319
1633,-9.05471,8.64624,-13.574,13.0227,-2.77755,42.0235
1634,-9.63006,7.74404,-13.6681,13.0113,-2.16629,41.2559
1635,-10.3264,7.1931,-13.2174,13.0377,-3.13825,44.9435
1636,-10.2364,7.27399,-12.6022,13.2232,-2.511,42.9644
1637,-10.6446,6.48052,-12.6419,13.2088,-1.36291,40.3524
1638,-9.4696,6.70952,-13.0107,12.9907,-1.94552,41.0367
1639,-9.12823,6.67413,-13.3088,12.9641,-0.920402,37.7082
1640,-9.44416,6.66724,-13.3297,12.9686,1.17806,31.7753
1641,-9.01034,7.17783,-12.9868,13.2167,0.369303,33.4921
1642,-9.23785,7.12315,-12.8661,13.1818,1.0785,31.7144
1643,-9.3497,6.64353,-12.62,13.2574,-1.38357,39.1018
1644,-9.07102,7.09892,-12.8566,13.1076,-2.62671,42.4649
1645,-9.30875,7.05351,-12.8795,13.1984,-2.17763,41.3515
1646,-8.89081,8.30463,-13.2771,13.0183,-3.39982,44.2706
1647,-8.96232,8.77437,-12.6929,13.2563,-2.85441,42.543
1648,-8.41003,8.50375,-13.2625,13.04,-1.93726,39.7269
1649,-8.34338,8.82718,-13.388,13.0337,-2.22214,40.4157
1650,-8.19288,8.28866,-13.5992,12.8188,-2.75029,42.0643
1651,-8.2714,8.62604,-13.5289,12.8092,-3.47512,44.0418
1652,-9.41419,7.73349,-13.0865,12.428,-5.0575,50.5332
1653,-9.80635,7.56174,-12.7368,12.7349,-4.40088,49.0119
1654,-9.53184,7.65677,-13.6648,12.4194,-4.10281,48.4606
1655,-9.57224,7.77293,-12.7492,12.8057,-3.04529,45.2422
1656,-8.73535,8.12403,-13.0041,12.8103,-2.306,42.1158
1657,-8.63712,8.10897,-12.736,12.8491,-1.43213,39.4572
1658,-9.0254,7.52014,-12.1926,13.0176,-0.716495,37.8452
1659,-9.57268,6.87662,-12.7784,12.799,0.487656,35.1866
1660,-9.85897,6.98066,-12.6942,12.827,0.641127,34.8504
